2216, 2192, 1931, 2048, 2066, 2068, 2004, 2132, 1921, 1868, 2388, 1828, 1817, 2543, 1653
2224, 2202, 1930, 2060, 2065, 2081, 1995, 2149, 1931, 1865, 2384, 1838, 1816, 2557, 1630
2217, 2194, 1934, 2062, 2061, 2062, 1996, 2151, 1934, 1844, 2386, 1839, 1821, 2541, 1646
2211, 2196, 1929, 2062, 2062, 2076, 2003, 2149, 1932, 1866, 2385, 1839, 1821, 2541, 1649
2211, 2189, 1931, 2059, 2046, 2066, 2014, 2156, 1930, 1865, 2386, 1838, 1820, 2547, 1634
2221, 2191, 1931, 2060, 2060, 2074, 2002, 2130, 1921, 1853, 2398, 1827, 1820, 2541, 1646
2219, 2208, 1936, 2059, 2059, 2083, 1996, 2139, 1918, 1845, 2387, 1827, 1817, 2546, 1631
2219, 2198, 1937, 2062, 2065, 2050, 2011, 2146, 1929, 1863, 2385, 1826, 1802, 2548, 1644
2216, 2204, 1937, 2066, 2064, 2076, 2015, 2151, 1931, 1866, 2386, 1839, 1821, 2540, 1633
2209, 2199, 1938, 2060, 2053, 2078, 2003, 2144, 1934, 1862, 2405, 1838, 1820, 2541, 1658
2229, 2200, 1936, 2065, 2064, 2076, 1984, 2151, 1933, 1842, 2395, 1834, 1826, 2545, 1637
2228, 2197, 1924, 2065, 2065, 2065, 2011, 2140, 1936, 1870, 2365, 1827, 1803, 2542, 1648
2219, 2195, 1939, 2066, 2066, 2077, 2002, 2131, 1896, 1870, 2390, 1829, 1818, 2545, 1654
2230, 2181, 1933, 2061, 2060, 2083, 2008, 2139, 1918, 1859, 2390, 1828, 1819, 2544, 1655
2209, 2211, 1929, 2061, 2050, 2063, 1996, 2152, 1934, 1867, 2387, 1827, 1816, 2536, 1645
2217, 2198, 1936, 2065, 2076, 2068, 2014, 2154, 1929, 1863, 2389, 1816, 1819, 2542, 1644
2218, 2198, 1936, 2066, 2065, 2076, 2002, 2143, 1933, 1856, 2388, 1828, 1806, 2533, 1652
2221, 2203, 1942, 2060, 2060, 2076, 2014, 2148, 1930, 1864, 2390, 1828, 1823, 2553, 1651
2219, 2208, 1936, 2044, 2063, 2064, 2009, 2132, 1923, 1854, 2386, 1838, 1820, 2545, 1631
2217, 2193, 1932, 2062, 2061, 2074, 2008, 2142, 1924, 1855, 2387, 1839, 1829, 2541, 1634
2216, 2193, 1931, 2060, 2059, 2084, 1996, 2151, 1935, 1870, 2402, 1829, 1825, 2542, 1649
2219, 2183, 1935, 2062, 2061, 2086, 2013, 2146, 1930, 1853, 2393, 1839, 1814, 2533, 1639
2216, 2192, 1931, 2060, 2047, 2065, 2000, 2140, 1919, 1867, 2388, 1827, 1817, 2543, 1650
2222, 2190, 1935, 2068, 2078, 2081, 2020, 2151, 1931, 1853, 2404, 1848, 1815, 2543, 1647
2218, 2194, 1931, 2059, 2059, 2078, 2014, 2154, 1930, 1858, 2390, 1829, 1819, 2537, 1650
2210, 2200, 1937, 2059, 2057, 2053, 1998, 2152, 1922, 1854, 2384, 1838, 1815, 2543, 1649
2216, 2206, 1937, 2066, 2064, 2063, 2010, 2132, 1934, 1867, 2387, 1827, 1806, 2533, 1651
2218, 2197, 1930, 2060, 2053, 2066, 1999, 2143, 1933, 1855, 2386, 1826, 1805, 2545, 1651
2210, 2195, 1935, 2065, 2067, 2079, 2001, 2150, 1932, 1867, 2388, 1840, 1812, 2542, 1636
2218, 2185, 1936, 2054, 2064, 2080, 1994, 2150, 1922, 1854, 2386, 1829, 1806, 2534, 1644
2229, 2210, 1935, 2080, 2060, 2077, 2014, 2150, 1929, 1863, 2395, 1845, 1827, 2544, 1650
2217, 2204, 1936, 2065, 2065, 2076, 2002, 2144, 1929, 1866, 2379, 1833, 1813, 2543, 1650
2223, 2192, 1930, 2060, 2053, 2066, 2002, 2145, 1930, 1863, 2390, 1834, 1815, 2543, 1649
2222, 2196, 1926, 2063, 2054, 2067, 1997, 2152, 1932, 1853, 2391, 1842, 1824, 2529, 1646
2215, 2191, 1929, 2059, 2065, 2067, 2014, 2149, 1930, 1853, 2403, 1826, 1825, 2543, 1635
2205, 2208, 1927, 2056, 2063, 2068, 2013, 2155, 1917, 1871, 2392, 1828, 1826, 2543, 1649
2216, 2192, 1931, 2035, 2054, 2075, 2001, 2144, 1935, 1860, 2388, 1832, 1823, 2543, 1637
2221, 2189, 1929, 2053, 2065, 2077, 2010, 2144, 1937, 1858, 2392, 1818, 1821, 2540, 1646
2218, 2197, 1936, 2065, 2064, 2064, 1997, 2150, 1932, 1854, 2393, 1837, 1813, 2543, 1647
2219, 2196, 1935, 2063, 2064, 2075, 1996, 2150, 1931, 1853, 2391, 1819, 1822, 2541, 1634
2217, 2180, 1932, 2048, 2068, 2082, 1996, 2150, 1930, 1858, 2390, 1829, 1806, 2545, 1650
2228, 2197, 1934, 2062, 2061, 2049, 2002, 2147, 1916, 1845, 2384, 1831, 1802, 2541, 1646
2220, 2197, 1928, 2063, 2066, 2067, 2000, 2153, 1923, 1853, 2385, 1831, 1801, 2542, 1633
2228, 2197, 1935, 2064, 2062, 2062, 2008, 2150, 1920, 1865, 2397, 1838, 1818, 2546, 1633
2221, 2191, 1931, 2058, 2065, 2077, 2001, 2144, 1927, 1855, 2386, 1827, 1816, 2535, 1650
2215, 2191, 1936, 2068, 2067, 2078, 2001, 2143, 1919, 1854, 2390, 1843, 1824, 2541, 1647
2199, 2196, 1935, 2062, 2062, 2062, 1995, 2150, 1918, 1859, 2391, 1829, 1819, 2540, 1632
2213, 2202, 1935, 2061, 2061, 2067, 1998, 2150, 1918, 1860, 2388, 1827, 1805, 2545, 1650
2216, 2207, 1933, 2063, 2067, 2066, 2014, 2126, 1928, 1864, 2384, 1826, 1803, 2543, 1650
2218, 2211, 1936, 2062, 2062, 2074, 2011, 2152, 1935, 1860, 2390, 1820, 1824, 2542, 1647
2218, 2195, 1933, 2062, 2049, 2073, 2012, 2147, 1931, 1853, 2391, 1844, 1802, 2541, 1632
2216, 2191, 1931, 2060, 2061, 2084, 1997, 2139, 1925, 1860, 2388, 1828, 1824, 2542, 1648
2234, 2194, 1923, 2062, 2055, 2067, 2001, 2144, 1929, 1865, 2385, 1826, 1816, 2544, 1633
2217, 2197, 1935, 2064, 2076, 2076, 2001, 2143, 1924, 1855, 2385, 1824, 1801, 2541, 1646
2208, 2193, 1932, 2049, 2047, 2066, 2001, 2144, 1941, 1851, 2382, 1831, 1812, 2541, 1637
2210, 2195, 1937, 2066, 2064, 2076, 2002, 2144, 1927, 1854, 2386, 1827, 1816, 2535, 1649
2215, 2204, 1919, 2058, 2058, 2065, 2002, 2144, 1933, 1860, 2390, 1846, 1815, 2535, 1654
2216, 2193, 1931, 2057, 2058, 2083, 1994, 2150, 1932, 1841, 2390, 1831, 1801, 2541, 1647
2217, 2206, 1937, 2066, 2053, 2074, 1996, 2152, 1921, 1853, 2384, 1827, 1803, 2542, 1647
2218, 2208, 1927, 2067, 2054, 2066, 2011, 2146, 1922, 1845, 2385, 1826, 1815, 2544, 1633
2217, 2195, 1936, 2065, 2064, 2076, 2002, 2144, 1933, 1860, 2379, 1815, 1817, 2543, 1649
2210, 2198, 1948, 2053, 2064, 2063, 1997, 2152, 1934, 1866, 2385, 1839, 1815, 2533, 1624
2208, 2209, 1930, 2059, 2053, 2077, 2002, 2133, 1923, 1869, 2388, 1841, 1823, 2541, 1659
2206, 2184, 1937, 2065, 2065, 2076, 2002, 2143, 1934, 1859, 2379, 1830, 1820, 2542, 1645
2221, 2190, 1930, 2060, 2063, 2084, 1995, 2149, 1919, 1871, 2403, 1828, 1824, 2542, 1646
2210, 2200, 1943, 2060, 2059, 2075, 2009, 2153, 1936, 1858, 2386, 1827, 1808, 2549, 1633
2208, 2193, 1937, 2065, 2064, 2080, 2001, 2144, 1932, 1855, 2386, 1838, 1815, 2534, 1651
2216, 2196, 1935, 2053, 2054, 2070, 2014, 2150, 1922, 1853, 2385, 1827, 1806, 2533, 1653
2220, 2209, 1927, 2052, 2053, 2076, 2011, 2147, 1930, 1865, 2397, 1828, 1820, 2541, 1647
2217, 2195, 1932, 2061, 2048, 2066, 1999, 2142, 1932, 1854, 2384, 1825, 1802, 2541, 1634
2208, 2180, 1933, 2062, 2062, 2062, 2000, 2140, 1924, 1854, 2386, 1839, 1821, 2541, 1646
2218, 2197, 1936, 2060, 2066, 2079, 2009, 2142, 1932, 1859, 2389, 1846, 1817, 2545, 1632
2215, 2192, 1930, 2046, 2066, 2079, 2017, 2139, 1925, 1857, 2399, 1815, 1806, 2533, 1651
2210, 2192, 1939, 2066, 2065, 2077, 2004, 2144, 1926, 1859, 2379, 1815, 1806, 2533, 1623
2219, 2195, 1934, 2052, 2064, 2066, 2002, 2145, 1928, 1862, 2399, 1834, 1820, 2534, 1622
2192, 2191, 1930, 2059, 2053, 2065, 1999, 2142, 1924, 1854, 2387, 1827, 1817, 2546, 1656
2221, 2204, 1925, 2049, 2063, 2063, 2012, 2152, 1931, 1854, 2399, 1827, 1819, 2540, 1646
2234, 2192, 1931, 2064, 2052, 2074, 2014, 2150, 1931, 1866, 2387, 1827, 1818, 2538, 1645
2216, 2194, 1934, 2064, 2064, 2076, 2002, 2132, 1929, 1858, 2390, 1828, 1819, 2539, 1645
2221, 2190, 1929, 2060, 2056, 2082, 1995, 2142, 1922, 1869, 2389, 1818, 1822, 2541, 1648
2218, 2196, 1923, 2065, 2052, 2073, 1997, 2151, 1920, 1852, 2390, 1842, 1814, 2543, 1649
2209, 2189, 1933, 2063, 2053, 2064, 1999, 2143, 1926, 1855, 2400, 1833, 1814, 2542, 1637
2218, 2197, 1927, 2063, 2055, 2080, 2001, 2156, 1930, 1864, 2385, 1839, 1822, 2541, 1636
2205, 2195, 1934, 2039, 2072, 2074, 1997, 2152, 1934, 1854, 2397, 1839, 1821, 2546, 1644
2209, 2182, 1933, 2061, 2047, 2066, 2013, 2147, 1931, 1851, 2389, 1828, 1819, 2550, 1619
2218, 2195, 1934, 2067, 2065, 2052, 1998, 2153, 1936, 1871, 2391, 1844, 1802, 2542, 1648
2208, 2181, 1933, 2061, 2059, 2073, 2007, 2128, 1931, 1853, 2398, 1827, 1803, 2555, 1646
2209, 2195, 1937, 2066, 2066, 2065, 2012, 2151, 1935, 1857, 2390, 1819, 1822, 2541, 1647
2228, 2197, 1936, 2065, 2065, 2077, 2002, 2144, 1928, 1868, 2393, 1819, 1824, 2542, 1648
2218, 2200, 1939, 2046, 2066, 2078, 2016, 2151, 1932, 1866, 2386, 1839, 1816, 2534, 1637
2219, 2209, 1930, 2053, 2054, 2066, 2012, 2143, 1936, 1858, 2375, 1838, 1815, 2533, 1648
2221, 2190, 1931, 2058, 2066, 2069, 2002, 2152, 1929, 1864, 2390, 1831, 1825, 2544, 1650
2219, 2197, 1936, 2065, 2064, 2076, 2015, 2154, 1930, 1864, 2384, 1837, 1802, 2536, 1649
2209, 2196, 1926, 2056, 2055, 2078, 2001, 2144, 1928, 1856, 2401, 1820, 1823, 2542, 1635
2228, 2193, 1933, 2056, 2052, 2065, 2012, 2148, 1930, 1865, 2384, 1838, 1814, 2533, 1651
2217, 2207, 1932, 2056, 2054, 2067, 1999, 2153, 1924, 1870, 2389, 1828, 1819, 2545, 1631
2221, 2191, 1930, 2047, 2066, 2078, 2001, 2146, 1930, 1864, 2391, 1831, 1801, 2541, 1634
2219, 2209, 1935, 2068, 2065, 2065, 2011, 2142, 1935, 1845, 2386, 1826, 1803, 2542, 1637
2209, 2198, 1925, 2066, 2065, 2063, 1999, 2141, 1924, 1853, 2386, 1839, 1821, 2540, 1646
2213, 2191, 1917, 2066, 2066, 2066, 2013, 2147, 1929, 1865, 2385, 1826, 1818, 2544, 1645
2217, 2198, 1935, 2065, 2065, 2078, 2017, 2139, 1931, 1854, 2385, 1827, 1819, 2545, 1632
2221, 2191, 1931, 2046, 2066, 2079, 1995, 2151, 1922, 1854, 2387, 1827, 1806, 2548, 1632
2205, 2207, 1935, 2055, 2062, 2067, 2014, 2147, 1919, 1858, 2386, 1827, 1821, 2546, 1633
2214, 2191, 1929, 2066, 2057, 2078, 2001, 2143, 1928, 1856, 2389, 1829, 1819, 2547, 1644
2228, 2197, 1935, 2065, 2065, 2078, 2017, 2151, 1935, 1856, 2398, 1828, 1806, 2559, 1658
2217, 2194, 1945, 2042, 2050, 2074, 2023, 2144, 1929, 1858, 2404, 1838, 1817, 2558, 1632
2208, 2186, 1925, 2052, 2066, 2079, 1996, 2151, 1934, 1859, 2403, 1838, 1820, 2541, 1649
2228, 2171, 1931, 2062, 2061, 2062, 2021, 2143, 1935, 1857, 2391, 1844, 1802, 2543, 1649
2205, 2196, 1937, 2065, 2065, 2066, 2011, 2139, 1923, 1859, 2381, 1836, 1807, 2560, 1646
2221, 2191, 1931, 2061, 2061, 2085, 2011, 2151, 1931, 1865, 2385, 1825, 1817, 2544, 1631
2219, 2196, 1926, 2059, 2062, 2082, 2008, 2139, 1931, 1865, 2385, 1839, 1820, 2547, 1644
2222, 2212, 1931, 2059, 2057, 2069, 2014, 2149, 1930, 1864, 2384, 1836, 1814, 2556, 1643
2217, 2189, 1928, 2063, 2064, 2075, 2001, 2144, 1929, 1858, 2403, 1837, 1814, 2534, 1634
2218, 2196, 1933, 2061, 2063, 2068, 2001, 2143, 1934, 1860, 2391, 1841, 1814, 2530, 1638
2219, 2195, 1935, 2064, 2055, 2075, 2002, 2155, 1930, 1865, 2398, 1827, 1821, 2541, 1636
2217, 2192, 1931, 2061, 2061, 2076, 2002, 2144, 1923, 1870, 2390, 1832, 1813, 2542, 1636
2217, 2196, 1935, 2063, 2063, 2063, 1999, 2141, 1925, 1856, 2387, 1839, 1823, 2542, 1647
2206, 2194, 1935, 2064, 2065, 2063, 2022, 2144, 1925, 1855, 2385, 1838, 1816, 2548, 1633
2208, 2193, 1932, 2050, 2061, 2062, 1997, 2151, 1909, 1864, 2372, 1845, 1801, 2541, 1647
2219, 2191, 1930, 2066, 2065, 2069, 2001, 2143, 1930, 1857, 2389, 1841, 1824, 2554, 1649
2196, 2194, 1945, 2043, 2063, 2062, 1999, 2141, 1924, 1855, 2387, 1839, 1822, 2554, 1652
2217, 2191, 1931, 2047, 2065, 2065, 2012, 2146, 1931, 1858, 2388, 1828, 1819, 2553, 1638
2221, 2191, 1930, 2065, 2065, 2053, 2000, 2143, 1935, 1855, 2386, 1839, 1820, 2547, 1658
2209, 2196, 1935, 2052, 2052, 2074, 2009, 2145, 1922, 1858, 2388, 1829, 1822, 2543, 1649
2219, 2189, 1927, 2053, 2063, 2076, 1989, 2145, 1920, 1845, 2397, 1828, 1820, 2541, 1647
2208, 2193, 1933, 2055, 2062, 2081, 2021, 2143, 1935, 1863, 2384, 1837, 1816, 2548, 1647
2191, 2190, 1929, 2060, 2051, 2064, 1999, 2140, 1932, 1863, 2381, 1835, 1815, 2534, 1654
2227, 2180, 1929, 2046, 2055, 2064, 2000, 2140, 1924, 1846, 2385, 1826, 1815, 2535, 1664
2193, 2191, 1930, 2045, 2054, 2076, 2002, 2143, 1932, 1859, 2386, 1828, 1821, 2546, 1645
2205, 2179, 1929, 2059, 2063, 2068, 2001, 2142, 1924, 1859, 2387, 1827, 1807, 2533, 1647
2191, 2189, 1935, 2063, 2054, 2067, 2013, 2145, 1929, 1857, 2365, 1827, 1816, 2547, 1635
2207, 2171, 1906, 2045, 2040, 2060, 1994, 2130, 1927, 1856, 2387, 1827, 1806, 2534, 1640
2210, 2190, 1927, 2053, 2036, 2066, 2001, 2119, 1912, 1841, 2379, 1807, 1818, 2542, 1655
2214, 2166, 1922, 2040, 2035, 2065, 1990, 2127, 1919, 1840, 2376, 1818, 1805, 2523, 1650
2206, 2196, 1923, 2048, 2035, 2066, 1999, 2121, 1926, 1859, 2379, 1833, 1812, 2530, 1621
2196, 2194, 1922, 2048, 2035, 2065, 1985, 2126, 1929, 1863, 2383, 1821, 1825, 2541, 1647
2210, 2188, 1932, 2063, 2049, 2075, 2000, 2130, 1924, 1861, 2384, 1826, 1805, 2533, 1627
2209, 2180, 1921, 2047, 2034, 2049, 1998, 2128, 1909, 1827, 2363, 1825, 1806, 2532, 1652
2208, 2187, 1920, 2049, 2047, 2065, 2002, 2132, 1915, 1844, 2372, 1844, 1802, 2529, 1646
2197, 2184, 1935, 2040, 2046, 2054, 2001, 2130, 1933, 1844, 2383, 1831, 1801, 2540, 1633
2209, 2196, 1935, 2059, 2053, 2064, 1999, 2141, 1925, 1856, 2387, 1830, 1819, 2546, 1631
2209, 2196, 1934, 2057, 2056, 2067, 2014, 2149, 1931, 1865, 2373, 1819, 1825, 2543, 1649
2210, 2187, 1938, 2055, 2065, 2066, 2001, 2143, 1929, 1864, 2384, 1826, 1818, 2547, 1632
2218, 2196, 1936, 2065, 2064, 2064, 2000, 2130, 1931, 1840, 2391, 1821, 1824, 2554, 1650
2217, 2192, 1930, 2060, 2065, 2076, 2001, 2143, 1920, 1868, 2387, 1826, 1818, 2546, 1646
3745, 3341, 2466, 2248, 2218, 2142, 2000, 2132, 1949, 1860, 2375, 1840, 1829, 2566, 1650
6784, 7065, 6277, 6084, 7067, 6129, 4674, 6043, 4927, 3794, 4896, 4070, 3415, 4986, 3296
7006, 7355, 6564, 6485, 7462, 6589, 5155, 6682, 5485, 4309, 5631, 4680, 3859, 5689, 3842
7115, 7513, 6767, 6655, 7703, 6933, 5361, 7006, 5835, 4483, 6009, 5068, 3993, 6029, 4182
7150, 7560, 6819, 6717, 7779, 7013, 5416, 7098, 5921, 4557, 6108, 5174, 4030, 6139, 4261
7124, 7559, 6835, 6694, 7774, 7015, 5380, 7093, 5937, 4529, 6100, 5175, 4016, 6133, 4282
7110, 7521, 6811, 6631, 7727, 6980, 5296, 7005, 5871, 4395, 5962, 5083, 3887, 5965, 4169
7133, 7548, 6834, 6692, 7777, 7020, 5377, 7080, 5937, 4511, 6066, 5162, 3972, 6094, 4246
7157, 7587, 6863, 6745, 7809, 7066, 5439, 7152, 5985, 4557, 6160, 5224, 4035, 6181, 4313
7155, 7586, 6857, 6721, 7800, 7070, 5432, 7158, 5978, 4561, 6160, 5243, 4031, 6180, 4312
7132, 7582, 6851, 6688, 7794, 7041, 5357, 7105, 5967, 4509, 6115, 5206, 3985, 6129, 4284
7136, 7575, 6858, 6693, 7787, 7067, 5376, 7116, 5966, 4498, 6104, 5200, 3977, 6118, 4300
7152, 7584, 6864, 6695, 7801, 7064, 5396, 7128, 5983, 4515, 6108, 5203, 3984, 6121, 4295
7160, 7603, 6876, 6743, 7833, 7096, 5446, 7176, 6012, 4567, 6184, 5263, 4029, 6210, 4349
7171, 7606, 6895, 6768, 7851, 7122, 5480, 7214, 6049, 4622, 6238, 5315, 4078, 6263, 4388
7174, 7623, 6890, 6778, 7861, 7136, 5498, 7224, 6051, 4637, 6246, 5313, 4076, 6285, 4388
7181, 7630, 6888, 6765, 7850, 7122, 5468, 7221, 6057, 4609, 6247, 5316, 4055, 6260, 4395
7186, 7627, 6908, 6768, 7860, 7135, 5482, 7221, 6064, 4616, 6247, 5317, 4073, 6274, 4379
7198, 7625, 6914, 6780, 7873, 7136, 5500, 7242, 6066, 4645, 6266, 5330, 4074, 6286, 4406
7195, 7646, 6918, 6808, 7885, 7158, 5529, 7261, 6078, 4679, 6310, 5352, 4113, 6332, 4431
7220, 7651, 6944, 6824, 7900, 7180, 5547, 7297, 6104, 4700, 6357, 5393, 4130, 6377, 4468
7224, 7669, 6934, 6829, 7911, 7171, 5561, 7300, 6110, 4721, 6360, 5408, 4142, 6392, 4479
7216, 7667, 6940, 6833, 7916, 7197, 5548, 7311, 6119, 4717, 6365, 5402, 4142, 6378, 4481
7223, 7668, 6942, 6824, 7906, 7185, 5544, 7306, 6104, 4689, 6352, 5396, 4126, 6357, 4476
7214, 7648, 6929, 6786, 7885, 7170, 5494, 7259, 6088, 4632, 6274, 5350, 4071, 6289, 4418
7183, 7630, 6910, 6748, 7854, 7137, 5457, 7215, 6056, 4556, 6195, 5307, 4016, 6211, 4353
7156, 7598, 6883, 6681, 7796, 7073, 5353, 7105, 5981, 4439, 6056, 5181, 3918, 6040, 4262
7144, 7589, 6871, 6673, 7794, 7071, 5327, 7093, 5967, 4405, 6005, 5155, 3887, 6005, 4219
7156, 7586, 6870, 6683, 7786, 7067, 5326, 7085, 5961, 4400, 6018, 5174, 3899, 6012, 4236
7149, 7590, 6873, 6663, 7799, 7064, 5335, 7092, 5975, 4415, 6030, 5183, 3896, 6019, 4234
7137, 7565, 6856, 6655, 7780, 7050, 5312, 7079, 5948, 4374, 5991, 5153, 3861, 5987, 4197
7118, 7565, 6845, 6626, 7748, 7027, 5275, 7007, 5926, 4334, 5934, 5110, 3835, 5921, 4158
7120, 7548, 6849, 6610, 7741, 7018, 5265, 7025, 5897, 4310, 5916, 5100, 3820, 5899, 4144
7116, 7549, 6837, 6628, 7736, 7018, 5264, 7022, 5913, 4316, 5912, 5094, 3815, 5900, 4155
7121, 7547, 6846, 6614, 7735, 7018, 5264, 7015, 5914, 4315, 5897, 5089, 3820, 5899, 4141
7105, 7548, 6826, 6617, 7733, 7007, 5250, 7004, 5898, 4309, 5897, 5082, 3815, 5895, 4128
7106, 7540, 6833, 6595, 7734, 7006, 5239, 6989, 5881, 4275, 5858, 5056, 3792, 5853, 4113
7117, 7539, 6836, 6601, 7731, 7020, 5246, 7001, 5896, 4309, 5885, 5079, 3808, 5885, 4127
7109, 7559, 6855, 6629, 7750, 7007, 5263, 7014, 5902, 4326, 5901, 5094, 3817, 5909, 4148
7113, 7548, 6846, 6615, 7735, 7021, 5268, 7002, 5896, 4335, 5920, 5089, 3830, 5914, 4158
7131, 7573, 6857, 6642, 7756, 7038, 5293, 7042, 5932, 4355, 5966, 5135, 3853, 5954, 4182
7150, 7577, 6847, 6634, 7766, 7044, 5272, 7041, 5916, 4366, 5960, 5120, 3862, 5954, 4180
7137, 7564, 6856, 6627, 7736, 7022, 5270, 7026, 5924, 4341, 5926, 5096, 3822, 5901, 4146
7106, 7550, 6844, 6612, 7742, 7026, 5263, 7023, 5897, 4311, 5900, 5079, 3821, 5900, 4148
7122, 7547, 6847, 6609, 7738, 7003, 5248, 7001, 5894, 4318, 5899, 5077, 3819, 5898, 4129
7136, 7561, 6844, 6627, 7746, 7024, 5272, 7018, 5902, 4340, 5935, 5109, 3831, 5939, 4153
7128, 7567, 6845, 6631, 7742, 7018, 5291, 7040, 5926, 4361, 5935, 5097, 3844, 5939, 4166
7126, 7567, 6833, 6628, 7746, 7032, 5284, 7031, 5920, 4337, 5935, 5097, 3844, 5940, 4155
7125, 7573, 6847, 6640, 7765, 7042, 5295, 7044, 5922, 4363, 5966, 5120, 3859, 5948, 4174
7146, 7579, 6860, 6640, 7760, 7050, 5302, 7052, 5926, 4388, 5964, 5117, 3866, 5979, 4185
7150, 7571, 6849, 6648, 7762, 7040, 5304, 7054, 5923, 4366, 5978, 5120, 3861, 5961, 4191
7133, 7572, 6850, 6649, 7761, 7040, 5315, 7062, 5932, 4376, 5973, 5130, 3861, 5962, 4191
7133, 7563, 6856, 6655, 7756, 7026, 5289, 7040, 5932, 4363, 5960, 5115, 3855, 5951, 4159
7131, 7546, 6844, 6617, 7733, 7007, 5251, 7005, 5900, 4315, 5897, 5077, 3821, 5889, 4133
7123, 7547, 6832, 6611, 7733, 7005, 5247, 6987, 5875, 4321, 5901, 5057, 3814, 5877, 4090
7129, 7541, 6851, 6636, 7742, 7008, 5274, 7021, 5899, 4342, 5901, 5078, 3832, 5903, 4120
7124, 7560, 6833, 6627, 7734, 7008, 5272, 7017, 5898, 4350, 5911, 5078, 3848, 5923, 4134
7135, 7548, 6834, 6627, 7735, 7019, 5264, 7019, 5893, 4328, 5897, 5064, 3829, 5898, 4115
7129, 7552, 6831, 6611, 7740, 7001, 5269, 6999, 5898, 4324, 5897, 5075, 3816, 5896, 4132
7138, 7565, 6844, 6625, 7744, 7006, 5273, 7018, 5904, 4341, 5912, 5079, 3842, 5920, 4129
7127, 7551, 6844, 6612, 7733, 7005, 5263, 7004, 5897, 4326, 5897, 5077, 3808, 5884, 4128
7111, 7546, 6834, 6589, 7715, 6997, 5227, 6974, 5876, 4297, 5849, 5031, 3791, 5846, 4094
7120, 7537, 6819, 6587, 7713, 6989, 5223, 6961, 5858, 4276, 5832, 5025, 3778, 5833, 4084
7109, 7542, 6823, 6589, 7712, 6978, 5212, 6966, 5862, 4276, 5836, 5025, 3796, 5831, 4074
7113, 7536, 6820, 6589, 7703, 6978, 5218, 6961, 5863, 4276, 5847, 5027, 3782, 5849, 4083
7116, 7522, 6815, 6587, 7711, 6975, 5211, 6966, 5861, 4275, 5833, 5025, 3778, 5822, 4076
7103, 7521, 6807, 6548, 7678, 6954, 5188, 6928, 5836, 4224, 5788, 4985, 3748, 5764, 4036
7095, 7526, 6812, 6551, 7669, 6953, 5173, 6923, 5829, 4223, 5784, 4983, 3740, 5765, 4046
7095, 7512, 6806, 6545, 7671, 6955, 5188, 6914, 5831, 4225, 5771, 4976, 3728, 5770, 4046
7091, 7508, 6811, 6551, 7678, 6953, 5163, 6911, 5833, 4212, 5769, 4987, 3726, 5772, 4040
7095, 7525, 6807, 6571, 7679, 6952, 5187, 6915, 5829, 4235, 5790, 4987, 3751, 5790, 4038
7094, 7522, 6806, 6570, 7678, 6953, 5187, 6940, 5835, 4233, 5783, 4992, 3743, 5781, 4041
7096, 7525, 6811, 6564, 7676, 6954, 5193, 6923, 5837, 4224, 5785, 4982, 3740, 5767, 4047
7094, 7516, 6799, 6552, 7680, 6953, 5188, 6915, 5829, 4230, 5766, 4985, 3737, 5771, 4041
7091, 7514, 6806, 6547, 7677, 6939, 5182, 6910, 5827, 4226, 5764, 4971, 3742, 5754, 4035
7094, 7515, 6795, 6547, 7677, 6954, 5172, 6913, 5817, 4211, 5759, 4963, 3725, 5758, 4036
7093, 7522, 6806, 6550, 7681, 6954, 5186, 6914, 5835, 4234, 5792, 4990, 3770, 5796, 4048
7093, 7523, 6806, 6576, 7701, 6964, 5198, 6943, 5848, 4259, 5805, 5005, 3774, 5804, 4057
7109, 7533, 6809, 6576, 7708, 6963, 5211, 6941, 5852, 4271, 5824, 5000, 3779, 5823, 4064
7092, 7523, 6806, 6571, 7679, 6964, 5199, 6931, 5844, 4249, 5793, 4992, 3768, 5810, 4050
7108, 7521, 6806, 6570, 7691, 6959, 5182, 6936, 5831, 4244, 5785, 4994, 3757, 5797, 4048
7094, 7527, 6809, 6560, 7681, 6951, 5181, 6916, 5832, 4244, 5783, 4991, 3755, 5782, 4043
7092, 7523, 6807, 6547, 7678, 6962, 5183, 6911, 5834, 4223, 5783, 4982, 3740, 5767, 4011
7083, 7527, 6811, 6551, 7669, 6944, 5160, 6911, 5830, 4219, 5767, 4973, 3746, 5769, 4040
7081, 7502, 6805, 6534, 7663, 6937, 5156, 6905, 5817, 4205, 5750, 4951, 3730, 5741, 4016
7092, 7508, 6810, 6554, 7669, 6942, 5182, 6910, 5822, 4207, 5753, 4965, 3726, 5768, 4030
7104, 7510, 6805, 6568, 7676, 6954, 5185, 6923, 5835, 4233, 5771, 4973, 3756, 5783, 4048
7091, 7520, 6804, 6568, 7676, 6965, 5185, 6913, 5833, 4225, 5786, 4971, 3753, 5781, 4039
7095, 7526, 6810, 6574, 7695, 6963, 5199, 6934, 5830, 4245, 5791, 4988, 3766, 5795, 4038
7103, 7508, 6804, 6550, 7671, 6957, 5180, 6910, 5822, 4223, 5769, 4951, 3726, 5769, 4029
7096, 7508, 6810, 6563, 7671, 6954, 5186, 6915, 5806, 4215, 5771, 4965, 3736, 5770, 4028
7091, 7507, 6785, 6555, 7682, 6954, 5177, 6916, 5806, 4212, 5759, 4964, 3737, 5770, 4026
7084, 7498, 6793, 6532, 7657, 6916, 5153, 6886, 5807, 4189, 5729, 4926, 3714, 5731, 4003
7069, 7495, 6788, 6520, 7657, 6938, 5141, 6873, 5791, 4168, 5706, 4922, 3699, 5714, 3985
7067, 7505, 6780, 6520, 7653, 6921, 5141, 6870, 5787, 4186, 5700, 4933, 3715, 5706, 3972
7065, 7486, 6779, 6494, 7630, 6903, 5106, 6849, 5775, 4130, 5667, 4899, 3677, 5663, 3961
7070, 7499, 6784, 6513, 7642, 6914, 5131, 6872, 5791, 4171, 5698, 4912, 3711, 5702, 3987
7079, 7483, 6784, 6512, 7653, 6917, 5131, 6859, 5793, 4178, 5700, 4926, 3702, 5707, 3978
7073, 7483, 6795, 6512, 7640, 6916, 5124, 6847, 5779, 4166, 5686, 4908, 3690, 5688, 3976
7075, 7507, 6781, 6519, 7651, 6925, 5133, 6861, 5797, 4171, 5703, 4920, 3700, 5701, 3991
7079, 7486, 6793, 6511, 7640, 6915, 5132, 6861, 5785, 4171, 5704, 4920, 3707, 5708, 3985
7098, 7486, 6791, 6529, 7638, 6921, 5115, 6859, 5783, 4169, 5690, 4925, 3710, 5711, 3974
7074, 7493, 6785, 6513, 7639, 6912, 5129, 6862, 5788, 4170, 5692, 4912, 3688, 5693, 3972
7090, 7495, 6789, 6523, 7649, 6921, 5133, 6865, 5785, 4175, 5688, 4907, 3691, 5703, 3985
7081, 7496, 6785, 6531, 7651, 6921, 5142, 6873, 5791, 4180, 5707, 4924, 3712, 5705, 3985
7092, 7497, 6787, 6532, 7655, 6912, 5143, 6876, 5793, 4199, 5707, 4924, 3702, 5708, 3991
7068, 7498, 6797, 6523, 7649, 6925, 5142, 6873, 5805, 4188, 5703, 4933, 3712, 5716, 3989
7082, 7501, 6791, 6524, 7649, 6921, 5144, 6850, 5784, 4185, 5689, 4915, 3703, 5707, 3977
7069, 7496, 6791, 6498, 7640, 6922, 5120, 6848, 5786, 4164, 5687, 4913, 3697, 5679, 3982
7086, 7493, 6781, 6524, 7648, 6912, 5128, 6859, 5784, 4171, 5699, 4913, 3691, 5705, 3977
7084, 7500, 6791, 6549, 7652, 6934, 5161, 6872, 5806, 4203, 5737, 4938, 3718, 5728, 4000
7096, 7515, 6794, 6542, 7665, 6936, 5165, 6899, 5797, 4223, 5756, 4948, 3730, 5753, 4028
7085, 7527, 6811, 6548, 7689, 6955, 5179, 6921, 5834, 4245, 5783, 4978, 3752, 5781, 4042
7094, 7520, 6802, 6565, 7682, 6951, 5185, 6916, 5831, 4232, 5770, 4963, 3749, 5792, 4035
7087, 7506, 6781, 6538, 7653, 6935, 5165, 6888, 5814, 4209, 5742, 4945, 3724, 5746, 4010
7067, 7485, 6785, 6507, 7629, 6909, 5108, 6845, 5774, 4146, 5680, 4882, 3677, 5676, 3965
7030, 7435, 6740, 6414, 7566, 6832, 4987, 6728, 5695, 4015, 5484, 4775, 3573, 5501, 3844
6960, 7364, 6656, 6310, 7456, 6739, 4820, 6544, 5567, 3818, 5226, 4573, 3410, 5250, 3648
6888, 7283, 6584, 6162, 7344, 6609, 4639, 6312, 5422, 3621, 4894, 4341, 3237, 5029, 3475
6626, 6995, 6291, 5571, 6822, 6128, 3930, 5120, 4651, 2867, 3862, 3595, 2643, 4035, 2749
6458, 6765, 6114, 5155, 6429, 5766, 3487, 4544, 4041, 2716, 3573, 3278, 2490, 3801, 2519
6314, 6619, 5965, 4883, 6158, 5376, 3203, 4233, 3716, 2565, 3404, 3074, 2381, 3615, 2394
6186, 6477, 5837, 4704, 5940, 5148, 3041, 3990, 3477, 2444, 3235, 2908, 2295, 3471, 2309
5821, 5923, 5443, 4061, 5187, 4525, 2724, 3535, 3150, 2234, 2893, 2652, 2112, 3145, 2112
5264, 4966, 4464, 3171, 3638, 3289, 2273, 2647, 2471, 2045, 2559, 2216, 1974, 2802, 1883
2952, 2754, 2345, 2258, 2230, 2303, 2142, 2328, 2160, 1971, 2513, 2097, 1924, 2726, 2001
2697, 2509, 2082, 2191, 2206, 2247, 2130, 2323, 2128, 1971, 2503, 2063, 1945, 2731, 1992
2641, 2442, 2075, 2194, 2211, 2229, 2130, 2302, 2104, 1956, 2494, 2033, 1950, 2748, 1950
2605, 2425, 2055, 2197, 2196, 2208, 2126, 2301, 2100, 1960, 2501, 2001, 1934, 2738, 1948
2365, 2412, 2039, 2189, 2196, 2220, 2111, 2301, 2075, 1959, 2494, 1996, 1930, 2742, 1906
2346, 2386, 2035, 2171, 2192, 2205, 2117, 2294, 2083, 1957, 2491, 1975, 1924, 2737, 1898
2335, 2368, 2021, 2154, 2184, 2194, 2115, 2269, 2062, 1956, 2492, 1961, 1930, 2735, 1866
2325, 2349, 2028, 2153, 2170, 2190, 2112, 2274, 2057, 1961, 2489, 1951, 1917, 2729, 1837
2339, 2351, 2021, 2156, 2183, 2179, 2100, 2276, 2059, 1961, 2490, 1951, 1929, 2711, 1832
2316, 2340, 2020, 2166, 2152, 2169, 2099, 2258, 2041, 1931, 2489, 1933, 1912, 2713, 1804
2324, 2323, 2010, 2145, 2173, 2169, 2086, 2259, 2049, 1943, 2490, 1935, 1920, 2713, 1816
2322, 2322, 1997, 2151, 2155, 2183, 2088, 2278, 2034, 1951, 2475, 1932, 1907, 2707, 1806
2316, 2326, 2016, 2163, 2146, 2165, 2092, 2261, 2043, 1946, 2482, 1929, 1915, 2701, 1801
2306, 2325, 2000, 2146, 2152, 2168, 2087, 2259, 2026, 1943, 2470, 1921, 1910, 2685, 1798
2307, 2312, 2001, 2129, 2153, 2169, 2086, 2257, 2022, 1935, 2468, 1919, 1907, 2690, 1775
2299, 2307, 2001, 2144, 2149, 2152, 2079, 2252, 2027, 1931, 2476, 1933, 1907, 2683, 1782
2299, 2282, 1998, 2139, 2151, 2160, 2088, 2249, 2015, 1927, 2471, 1916, 1909, 2672, 1778
2299, 2280, 1998, 2127, 2139, 2154, 2081, 2248, 2028, 1930, 2476, 1907, 1904, 2665, 1760
2301, 2282, 1998, 2128, 2140, 2153, 2089, 2241, 2014, 1922, 2468, 1912, 1893, 2664, 1766
2300, 2275, 2000, 2145, 2149, 2126, 2076, 2236, 1998, 1932, 2465, 1911, 1892, 2663, 1777
2283, 2274, 1992, 2131, 2124, 2150, 2076, 2236, 1998, 1933, 2455, 1906, 1889, 2647, 1762
2281, 2258, 1972, 2124, 2118, 2131, 2065, 2221, 2014, 1922, 2454, 1909, 1891, 2650, 1765
2278, 2268, 1983, 2126, 2126, 2127, 2075, 2236, 1998, 1932, 2454, 1907, 1891, 2635, 1763
2283, 2252, 1984, 2126, 2112, 2143, 2064, 2221, 1985, 1907, 2465, 1915, 1885, 2644, 1760
2281, 2258, 1974, 2111, 2118, 2132, 2066, 2221, 1991, 1923, 2438, 1905, 1885, 2631, 1754
2279, 2258, 1972, 2100, 2104, 2115, 2037, 2215, 1997, 1909, 2436, 1910, 1880, 2639, 1725
2282, 2261, 1974, 2111, 2131, 2144, 2066, 2226, 1998, 1918, 2437, 1910, 1880, 2634, 1736
2274, 2261, 1990, 2108, 2127, 2127, 2061, 2229, 2015, 1929, 2455, 1915, 1884, 2631, 1754
2295, 2261, 1990, 2132, 2131, 2143, 2068, 2223, 1998, 1906, 2455, 1914, 1883, 2637, 1738
2277, 2261, 1990, 2107, 2116, 2138, 2061, 2217, 2010, 1911, 2463, 1905, 1883, 2644, 1756
2283, 2274, 1988, 2131, 2143, 2149, 2062, 2217, 2001, 1934, 2467, 1886, 1890, 2623, 1760
2281, 2257, 1971, 2120, 2120, 2140, 2079, 2228, 2000, 1921, 2466, 1911, 1880, 2635, 1738
2279, 2268, 1983, 2112, 2131, 2130, 2077, 2236, 2010, 1909, 2463, 1904, 1873, 2638, 1755
2287, 2256, 1982, 2131, 2130, 2129, 2062, 2230, 2000, 1907, 2465, 1893, 1883, 2639, 1742
2283, 2254, 1983, 2118, 2119, 2132, 2066, 2218, 2002, 1921, 2455, 1906, 1871, 2640, 1727
2287, 2269, 1970, 2122, 2128, 2132, 2068, 2214, 1996, 1917, 2456, 1898, 1881, 2635, 1751
2286, 2255, 1970, 2120, 2120, 2146, 2061, 2229, 2000, 1922, 2454, 1906, 1871, 2640, 1751
2282, 2259, 1973, 2123, 2118, 2143, 2065, 2216, 1988, 1911, 2452, 1904, 1871, 2639, 1726
2272, 2263, 1987, 2114, 2111, 2132, 2067, 2209, 2000, 1911, 2452, 1904, 1885, 2630, 1741
2273, 2260, 1989, 2116, 2115, 2139, 2060, 2229, 1997, 1911, 2452, 1892, 1871, 2612, 1742
2274, 2247, 1974, 2124, 2112, 2143, 2068, 2235, 1996, 1905, 2454, 1889, 1879, 2626, 1750
2279, 2256, 1970, 2119, 2119, 2117, 2053, 2217, 1990, 1911, 2452, 1895, 1872, 2618, 1737
2262, 2261, 1974, 2101, 2116, 2118, 2056, 2221, 1995, 1905, 2446, 1896, 1868, 2607, 1741
2271, 2236, 1972, 2121, 2107, 2128, 2061, 2216, 1996, 1905, 2451, 1894, 1870, 2626, 1736
2273, 2257, 1979, 2104, 2103, 2114, 2064, 2209, 1990, 1912, 2453, 1896, 1871, 2623, 1734
2264, 2261, 1987, 2114, 2112, 2131, 2052, 2217, 2000, 1911, 2450, 1904, 1855, 2582, 1697
2262, 2239, 1974, 2110, 2103, 2125, 2059, 2221, 2008, 1916, 2449, 1914, 1869, 2584, 1698
2265, 2235, 1958, 2115, 2113, 2138, 2054, 2210, 2000, 1913, 2453, 1906, 1853, 2585, 1675
2270, 2243, 1970, 2120, 2117, 2139, 2048, 2217, 2000, 1910, 2451, 1905, 1861, 2588, 1714
2262, 2248, 1975, 2100, 2120, 2130, 2055, 2219, 1995, 1905, 2453, 1895, 1864, 2592, 1686
2273, 2251, 1976, 2089, 2104, 2125, 2059, 2214, 1996, 1905, 2455, 1911, 1867, 2608, 1715
2273, 2262, 1974, 2100, 2115, 2125, 2059, 2208, 2001, 1909, 2437, 1908, 1865, 2606, 1709
2271, 2261, 1962, 2099, 2105, 2125, 2059, 2227, 1989, 1895, 2442, 1898, 1865, 2606, 1710
2274, 2259, 1978, 2104, 2123, 2124, 2056, 2210, 1995, 1910, 2450, 1893, 1867, 2587, 1703
2272, 2244, 1971, 2122, 2120, 2132, 2066, 2208, 1987, 1906, 2455, 1897, 1870, 2598, 1704
2274, 2255, 1981, 2106, 2113, 2126, 2061, 2217, 2000, 1910, 2450, 1891, 1859, 2597, 1717
2257, 2231, 1969, 2108, 2117, 2117, 2052, 2206, 1975, 1906, 2449, 1890, 1866, 2594, 1711
2255, 2248, 1974, 2099, 2106, 2126, 2060, 2205, 1985, 1894, 2443, 1892, 1860, 2600, 1696
2270, 2249, 1959, 2111, 2102, 2124, 2063, 2220, 1994, 1904, 2445, 1881, 1859, 2598, 1717
2278, 2255, 1981, 2093, 2101, 2129, 2063, 2211, 1996, 1915, 2430, 1892, 1867, 2596, 1711
2269, 2236, 1970, 2110, 2103, 2125, 2059, 2213, 1996, 1904, 2445, 1894, 1858, 2599, 1701
2260, 2240, 1972, 2086, 2102, 2124, 2057, 2225, 1984, 1904, 2444, 1885, 1861, 2601, 1721
2257, 2243, 1964, 2087, 2104, 2111, 2065, 2208, 1986, 1907, 2443, 1871, 1868, 2597, 1717
2273, 2237, 1971, 2104, 2114, 2124, 2057, 2211, 1994, 1910, 2439, 1904, 1855, 2607, 1713
2261, 2252, 1978, 2102, 2099, 2120, 2049, 2204, 1983, 1904, 2444, 1885, 1861, 2601, 1714
2255, 2241, 1974, 2088, 2104, 2126, 2058, 2211, 1981, 1909, 2449, 1902, 1854, 2605, 1711
2258, 2231, 1977, 2102, 2122, 2116, 2038, 2214, 1996, 1904, 2452, 1894, 1864, 2603, 1711
2256, 2231, 1962, 2100, 2119, 2106, 2062, 2205, 1986, 1905, 2442, 1907, 1839, 2596, 1714
2268, 2246, 1954, 2087, 2103, 2112, 2054, 2208, 2002, 1910, 2450, 1903, 1860, 2595, 1702
2260, 2251, 1976, 2100, 2121, 2121, 2053, 2192, 1982, 1910, 2440, 1891, 1859, 2601, 1710
2261, 2236, 1957, 2103, 2100, 2119, 2061, 2205, 1975, 1903, 2446, 1885, 1857, 2598, 1716
2261, 2237, 1957, 2090, 2105, 2112, 2054, 2207, 1977, 1904, 2439, 1892, 1856, 2595, 1712
2255, 2241, 1959, 2106, 2106, 2125, 2046, 2197, 1979, 1907, 2448, 1887, 1852, 2587, 1716
2243, 2235, 1948, 2108, 2116, 2112, 2059, 2196, 1979, 1907, 2437, 1883, 1855, 2582, 1696
2263, 2235, 1958, 2104, 2100, 2121, 2055, 2210, 1993, 1916, 2443, 1880, 1860, 2586, 1702
2248, 2231, 1977, 2100, 2108, 2126, 2058, 2212, 1981, 1908, 2448, 1896, 1863, 2600, 1719
2259, 2236, 1956, 2088, 2117, 2113, 2047, 2208, 1977, 1894, 2429, 1891, 1841, 2589, 1714
2261, 2235, 1957, 2089, 2106, 2114, 2046, 2208, 1990, 1885, 2443, 1894, 1858, 2582, 1703
2243, 2235, 1959, 2105, 2101, 2123, 2046, 2196, 1975, 1905, 2435, 1871, 1845, 2582, 1712
2257, 2229, 1961, 2099, 2106, 2102, 2044, 2207, 1989, 1896, 2435, 1884, 1856, 2596, 1689
2257, 2217, 1972, 2086, 2102, 2122, 2044, 2208, 1984, 1906, 2437, 1883, 1856, 2585, 1712
2248, 2232, 1961, 2100, 2092, 2124, 2044, 2206, 1977, 1908, 2437, 1884, 1850, 2584, 1711
2257, 2216, 1958, 2104, 2099, 2114, 2035, 2210, 1980, 1907, 2436, 1884, 1857, 2582, 1696
2248, 2235, 1958, 2105, 2088, 2118, 2053, 2207, 1977, 1896, 2444, 1897, 1853, 2586, 1719
2260, 2237, 1959, 2103, 2105, 2113, 2048, 2209, 1987, 1907, 2436, 1884, 1856, 2596, 1688
2256, 2230, 1952, 2086, 2100, 2122, 2055, 2199, 1975, 1892, 2430, 1891, 1844, 2580, 1697
2256, 2219, 1973, 2099, 2090, 2101, 2052, 2196, 1976, 1893, 2447, 1889, 1842, 2586, 1702
2260, 2233, 1956, 2099, 2102, 2114, 2050, 2206, 1976, 1893, 2429, 1891, 1842, 2584, 1688
2246, 2232, 1967, 2076, 2091, 2117, 2038, 2209, 1991, 1911, 2427, 1890, 1852, 2587, 1701
2255, 2230, 1958, 2100, 2104, 2113, 2059, 2214, 1973, 1903, 2432, 1883, 1855, 2583, 1697
2248, 2232, 1955, 2088, 2105, 2101, 2046, 2196, 1988, 1894, 2434, 1884, 1862, 2582, 1702
2242, 2216, 1945, 2088, 2104, 2112, 2046, 2196, 1976, 1885, 2435, 1883, 1848, 2584, 1700
2241, 2235, 1946, 2106, 2100, 2111, 2040, 2192, 1971, 1904, 2431, 1881, 1847, 2573, 1699
2247, 2231, 1963, 2100, 2081, 2111, 2040, 2191, 1957, 1894, 2442, 1885, 1856, 2585, 1699
2248, 2236, 1956, 2104, 2100, 2108, 2039, 2190, 1956, 1883, 2434, 1883, 1848, 2584, 1713
2249, 2236, 1963, 2087, 2103, 2087, 2052, 2192, 1976, 1906, 2425, 1885, 1845, 2587, 1715
2246, 2230, 1958, 2087, 2079, 2112, 2040, 2192, 1972, 1903, 2415, 1866, 1840, 2584, 1685
2248, 2236, 1957, 2104, 2087, 2104, 2035, 2195, 1977, 1895, 2436, 1890, 1844, 2581, 1697
2257, 2220, 1961, 2099, 2096, 2113, 2053, 2197, 1990, 1897, 2436, 1884, 1854, 2582, 1697
2241, 2235, 1957, 2103, 2099, 2107, 2025, 2184, 1975, 1905, 2442, 1882, 1847, 2581, 1698
2252, 2239, 1949, 2092, 2088, 2105, 2037, 2203, 1982, 1904, 2432, 1881, 1854, 2580, 1697
2244, 2231, 1962, 2086, 2102, 2111, 2053, 2197, 1976, 1893, 2432, 1882, 1854, 2582, 1696
2253, 2234, 1958, 2099, 2106, 2115, 2035, 2209, 1970, 1900, 2438, 1891, 1844, 2581, 1698
2248, 2235, 1958, 2104, 2099, 2121, 2055, 2193, 1984, 1898, 2437, 1872, 1839, 2583, 1685
2253, 2238, 1949, 2092, 2099, 2119, 2041, 2206, 1973, 1892, 2432, 1868, 1841, 2578, 1701
2261, 2235, 1957, 2102, 2085, 2088, 2025, 2196, 1974, 1891, 2426, 1890, 1840, 2574, 1699
2248, 2236, 1969, 2093, 2100, 2120, 2049, 2191, 1982, 1901, 2413, 1883, 1860, 2573, 1697
2241, 2235, 1956, 2101, 2104, 2106, 2036, 2196, 1979, 1883, 2439, 1883, 1847, 2582, 1697
2244, 2219, 1959, 2105, 2100, 2123, 2056, 2183, 1974, 1892, 2429, 1890, 1844, 2581, 1711
2254, 2241, 1974, 2087, 2104, 2101, 2046, 2196, 1976, 1897, 2426, 1888, 1852, 2576, 1702
2249, 2219, 1961, 2087, 2089, 2105, 2035, 2197, 1975, 1893, 2418, 1865, 1851, 2585, 1701
2256, 2217, 1958, 2105, 2100, 2121, 2043, 2193, 1973, 1903, 2431, 1867, 1841, 2577, 1692
2245, 2216, 1959, 2105, 2101, 2111, 2040, 2192, 1972, 1896, 2425, 1872, 1845, 2581, 1696
2244, 2218, 1949, 2093, 2099, 2118, 2041, 2195, 1973, 1904, 2433, 1883, 1848, 2573, 1698
2256, 2229, 1946, 2104, 2087, 2115, 2033, 2195, 1973, 1897, 2425, 1893, 1840, 2576, 1704
2235, 2229, 1951, 2098, 2089, 2110, 2039, 2191, 1970, 1897, 2424, 1886, 1840, 2572, 1700
2246, 2231, 1955, 2087, 2088, 2104, 2048, 2184, 1973, 1890, 2426, 1873, 1845, 2580, 1694
2245, 2228, 1958, 2091, 2105, 2124, 2046, 2193, 1970, 1886, 2430, 1878, 1853, 2586, 1690
2247, 2225, 1956, 2089, 2105, 2114, 2047, 2190, 1975, 1892, 2429, 1880, 1841, 2577, 1701
2246, 2228, 1948, 2091, 2098, 2114, 2022, 2194, 1960, 1884, 2434, 1883, 1835, 2569, 1701
