inf, 37.20736805512887, 37.20479699047824, 37.19776289606844, 37.19315892139853, 37.18793269520367, 37.18132679823423, 37.17861963995801, 37.17277778231056, 37.17280290316539, 37.169466848731965, 37.166118320508055, 37.16244100026662, 37.1624493829278, 37.16258903744247, 37.223994481708374, 37.29883293163082, 37.34987941309711, 37.27946875918885, 35.49292452567932, 34.61353357104488, 32.82389513765989, 31.140600274715446, 30.314937179781126, 28.74185404173402, 28.014018998251586, 26.612112513086505, 25.49321694023104, 25.01865942253695, 23.106628284094683, 22.056902693323266, 19.973280451778198, 18.060508855243132, 17.227268223112475, 15.782865972545734, 14.964810639047833, 14.642193898340828, 14.190336781050853, 14.012121429308621, 13.587387990866862, 13.198468644163775, 13.03213059591641, 12.744532420542326, 12.534881763533468, 12.464359357171912, 12.37336573391218, 12.340010405289211, 12.283199465558083, 12.263807285915853, 12.261886168354799, 12.382577669785155
inf, 35.36902594701447, 35.36655381633772, 35.35976115514734, 35.355323521704484, 35.350299805217574, 35.34392993966754, 35.341327903903554, 35.3357071232682, 35.33573130113764, 35.33254021325012, 35.32932673720634, 35.3257974126512, 35.32580603298503, 35.32594613843085, 35.38743225299674, 35.462609180827755, 35.51390896302516, 35.4507186820762, 33.72225309562179, 32.87181240757057, 31.14417660129118, 29.521937926478483, 28.728287840965702, 27.217204216065827, 26.519722104174797, 25.178859399559933, 24.112621973723837, 23.66075349271348, 21.84001118426668, 20.843438511662757, 18.87309467973656, 17.07874337856931, 16.303305619382865, 14.969444164122379, 14.224207820236547, 13.932755906843724, 13.528759615130738, 13.371026133846973, 12.997067768800504, 12.662306010449525, 12.523202782102624, 12.289682861260943, 12.131257356254046, 12.082880268929182, 12.028117508200632, 12.01063378663196, 11.984261954292053, 11.978538679542032, 12.096845331679372, 12.378092514576617
inf, 33.588743011773744, 33.58636920914051, 33.57982103357386, 33.57554962398612, 33.57072931532223, 33.56459666222033, 33.56209956231798, 33.556700065940724, 33.5567235425896, 33.55367803353885, 33.55060097019995, 33.54722025605296, 33.54722901935226, 33.547369361894816, 33.6088905498488, 33.68430637874061, 33.736095569313925, 33.679661167304175, 32.00935684799617, 31.18790785417387, 29.522334759402646, 27.961196209205873, 27.19954787065454, 25.750490060581182, 25.083352244448633, 23.8035047838589, 22.789836252495725, 22.36064927859996, 20.631314408169203, 19.687922242692757, 17.83088115738365, 16.15490053378772, 15.437179931376424, 14.21369265348966, 13.540981982974309, 13.28053835385682, 12.924053198017242, 12.786634627814976, 12.463067262173233, 12.18165646231971, 12.069107913103485, 11.88757836650327, 11.775808284992268, 11.745872187043325, 11.717056637562555, 11.709661672264504, 11.70289466884944, 11.819478133017268, 12.090152955433378, 12.382636500218338
inf, 31.837764377505856, 31.83548868223001, 31.82918679105486, 31.825081629700293, 31.820465489767482, 31.814570962364996, 31.812178789021786, 31.80700077741881, 31.807023385672636, 31.804124325850037, 31.801184490316828, 31.797952686946164, 31.797961507156035, 31.79810172023794, 31.859706136246338, 31.935603816685425, 31.987898340316494, 31.93772319291242, 30.325622008884054, 29.533184942134646, 27.929704635731788, 26.42968914733009, 25.700036438205952, 24.31301651357626, 23.67621686338292, 22.457366885674386, 21.496220066681158, 21.089702441808907, 19.451811335766827, 18.56160235534078, 16.81785368247699, 15.26018955519523, 14.600120801432503, 13.48687265627194, 12.886496602573732, 12.656951183050214, 12.347742924251262, 12.230492085981096, 11.956951111553554, 11.728241976849977, 11.64171610302637, 11.510519335983746, 11.441967715425116, 11.427953247216287, 11.419285528204842, 11.427473720385404, 11.546192357017036, 11.813225853110513, 12.096002304187463, 12.408755155623922
inf, 30.14931755718374, 30.147139256605357, 30.14108642217666, 30.13714734844239, 30.132736141148502, 30.127080748430853, 30.124793289154812, 30.119836783545416, 30.119858348269382, 30.11710670576179, 30.114305558356154, 30.111223215774178, 30.11123179949748, 30.11137127064198, 30.173056402892854, 30.2494476909534, 30.302067552627555, 30.257861756201226, 28.704060740104662, 27.940681946406993, 26.399347155950494, 24.960478133033945, 24.262777907031335, 22.93779093290613, 22.331293681363697, 21.17335069908137, 20.26453939021461, 19.88066521453504, 18.334356674116933, 17.497335657976496, 15.866828163925204, 14.42729522073227, 13.824684427588847, 12.821265901851488, 12.292580237746234, 12.093622824704227, 11.830991847261432, 11.733585436951262, 11.50927925811247, 11.331541668664554, 11.269542404109902, 11.183860502111878, 11.149249741104052, 11.145370328525775, 11.156140652181891, 11.280207881986785, 11.539844917761396, 11.827378503343732, 12.132323838086732, 12.483203784141017
inf, 28.527151188635916, 28.525069575135355, 28.519268731627974, 28.515495620950514, 28.51129030714306, 28.505875123936672, 28.50369221711998, 28.498957225340284, 28.498978085833507, 28.496374596185955, 28.493714039342613, 28.49078179835572, 28.4907898451615, 28.49092888558858, 28.552651434082296, 28.62935845724805, 28.682477695568693, 28.643779116666302, 27.148380886912513, 26.41410789915892, 24.93496435910438, 23.557250383366117, 22.89143832276688, 21.628458114312078, 21.052209593359084, 19.955040965702736, 19.098309069904307, 18.737041609231404, 17.28247634779131, 16.498632428785395, 14.981251878879684, 13.65954504291864, 13.114099806166683, 12.21986376930935, 11.761868274298672, 11.59301812773324, 11.375880274926995, 11.297802333804464, 11.121369623237081, 10.991607121113391, 10.951515992883893, 10.90316247820434, 10.88973558674744, 10.898505929942091, 11.020762125794654, 11.273935099894402, 11.546673362313175, 11.849974753844204, 12.17478231787237, 12.552102246770751
inf, 26.94036393370515, 26.938378704702032, 26.932831404891363, 26.929224332302162, 26.925225701614647, 26.92005136215804, 26.917973075195054, 26.913459678977794, 26.913479830763308, 26.9110254381172, 26.90850697574445, 26.905725313243764, 26.905733466137107, 26.905873687384915, 26.96764520501318, 27.044848902533236, 27.098481885242315, 27.064797907846483, 25.627856719050286, 24.922712433339687, 23.505775065014483, 22.189206410069588, 21.555232046510014, 20.354227249697324, 19.808185826591032, 18.77169082826506, 17.966854584793527, 17.6281692689073, 16.26545239370409, 15.534771636289461, 14.130418561293197, 12.926305439843981, 12.437813762990915, 11.652281613505961, 11.26422624044335, 11.125129701702356, 10.952684698902278, 10.893553473104056, 10.763929161739913, 10.679739088049713, 10.659452334397068, 10.642287238177726, 10.651814595434697, 10.766818678072287, 11.015700947705177, 11.282251265039902, 11.580040700558078, 11.923485927686063, 12.294219530423957, 12.72587494848796
inf, 25.41871450997485, 25.416824792540567, 25.411533090400145, 25.40809171594468, 25.404300137007223, 25.399367309632424, 25.397393307675035, 25.393101137889797, 25.393121293892154, 25.390815723571084, 25.3884404617949, 25.385809609405257, 25.385818843392297, 25.385961057062783, 25.447760697200124, 25.525461236560833, 25.579405496061074, 25.55044694447075, 24.172048372594798, 23.496070560067597, 22.14135488414486, 20.885902478542313, 20.28367092656, 19.144564177019646, 18.62864292109036, 17.65261462573907, 16.899331277880318, 16.583149935105894, 15.31232189254235, 14.634707527119314, 13.343056862897702, 12.255910770661423, 11.82384140639997, 11.145739129732974, 10.825866665393203, 10.715597843958244, 10.585749644829953, 10.544344171851039, 10.457851108566553, 10.41187223306298, 10.405563844332008, 10.415090965500193, 10.526042254189706, 10.758611187880476, 11.034248241215078, 11.325357367111119, 11.663355201663427, 12.057565433685047, 12.482564286903878, 12.973287812186724
inf, 23.961114005893872, 23.959318579209985, 23.95428342787199, 23.951006956156466, 23.94742159734933, 23.94273026208759, 23.940859786998605, 23.93678785085074, 23.936808157178692, 23.934650326102343, 23.93241776638683, 23.929937340568337, 23.929947512770884, 23.930091722440373, 23.991896258692464, 24.06988110050975, 24.12432290774639, 24.09960730255583, 22.779831863681267, 22.133056917330876, 20.84056182441363, 19.64617299643738, 19.07556775061763, 17.998241715596105, 17.51232609769712, 16.596496359630642, 15.894360530874195, 15.600561130612078, 14.421513269369697, 13.796773972471353, 12.617277442623312, 11.646118243640288, 11.26967198418858, 10.696957543575145, 10.442611801946722, 10.359651214130771, 10.268901623858035, 10.243005886862385, 10.192809106950792, 10.1732801635815, 10.18575513392692, 10.285009658780243, 10.509001156602432, 10.768143123413534, 11.058418397511259, 11.36718923278954, 11.729409555345715, 12.151693952256487, 12.605991476242746, 13.127692262634163
inf, 22.53566293689237, 22.533960862256443, 22.52918276685194, 22.52607052642201, 22.52269053707313, 22.518240478104282, 22.51647289029414, 22.512620398464033, 22.512641111442903, 22.510629818439643, 22.50853929881383, 22.50620894610571, 22.50622020046998, 22.506366274994207, 22.568165779014493, 22.646626385555404, 22.701625004682853, 22.680596928353335, 21.419486526514206, 20.801934020077994, 19.571653545879318, 18.438291162292206, 17.899240187392984, 16.88361718595457, 16.427634710216534, 15.571833652928783, 14.920595574341435, 14.649099486864044, 13.561734969371509, 12.989737851862422, 11.92201435845945, 11.066158546888808, 10.744779550698272, 10.275978493900617, 10.085237390216452, 10.02844530469742, 9.974169881374094, 9.962198074263517, 9.943622721954352, 9.958567520916311, 10.054332660743537, 10.260889117669228, 10.536238256563333, 10.827374988550305, 11.158417235144752, 11.512674446053726, 11.929354662248734, 12.41119491038569, 12.92669880622746, 13.511890833198173
inf, 21.175436992140064, 21.17382682648776, 21.16930589421639, 21.1663568023578, 21.16318061190129, 21.15897112996892, 21.157305433419207, 21.15367092270981, 21.153691689529385, 21.15182570341711, 21.14987636726348, 21.147695527790198, 21.147707646008453, 21.147855161655524, 21.20961540067452, 21.288602321807023, 21.343867968436353, 21.326265384404515, 20.123884399103137, 19.535581699044496, 18.36748030151735, 17.295043977968383, 16.787389279801573, 15.833286013250401, 15.407078078151839, 14.610932704383815, 14.01004776246185, 13.760685798570023, 12.764759775750326, 12.24518441551787, 11.288299905254458, 10.546054855529196, 10.278349995451698, 9.909520057037502, 9.777047008227497, 9.743128264155967, 9.717783082088658, 9.715110551863106, 9.733531832961264, 9.823949586271267, 10.014220695326527, 10.293194050089056, 10.610188271976101, 10.946824429251444, 11.329694002398126, 11.739006899678968, 12.216378926450792, 12.762115898176237, 13.342570926749033, 13.994211993689493
inf, 19.881556333861155, 19.880036541297773, 19.8757730158893, 19.872986074545363, 19.870012510157, 19.86604326168249, 19.864478584997357, 19.86106066351542, 19.861081549087938, 19.859359661257926, 19.857551122980038, 19.855519375079567, 19.855532191073483, 19.8556819160715, 19.91740596996928, 19.996610294115026, 20.05231793512309, 20.037668834724865, 18.894055696313075, 18.335013437543992, 17.229011427452633, 16.21734692881999, 15.74088293462534, 14.848037702158974, 14.451391603544776, 13.7144023682425, 13.16316993551302, 12.935701006180675, 12.030747089009314, 11.563099606233923, 10.715607821702754, 10.08432878018905, 9.86808973850816, 9.592562401482867, 9.509190920185425, 9.49241044837099, 9.483684570083089, 9.505199132140273, 9.584154817460687, 9.76252922261961, 10.030068549990784, 10.329546879932105, 10.670733006434032, 11.03305209701053, 11.443908548638765, 11.882355631342616, 12.39081396465376, 12.968801969045485, 13.581909504508202, 14.266790827321575
inf, 18.620960129779252, 18.619529647720917, 18.615523882791727, 18.61289834054466, 18.610126459506517, 18.606397054729587, 18.604932721706078, 18.60173045367756, 18.60175213467242, 18.60017273556584, 18.598504662339877, 18.596621804650905, 18.596636204436578, 18.596787633485732, 18.658448152277998, 18.738063508157545, 18.793851849197086, 18.782054470859332, 17.697225916184223, 17.167449512778106, 16.12350498305283, 15.17253179884616, 14.727153051329834, 13.895427563456531, 13.528231490598142, 12.850132528714186, 12.34818148469791, 12.142477026958659, 11.328212569808404, 10.912203263272557, 10.173226417226473, 9.651239315829345, 9.485027911061216, 9.298176069663493, 9.257543559020823, 9.253944648259944, 9.274601121406967, 9.349286800276131, 9.509652841369169, 9.794626384960214, 10.098482034889441, 10.441477730074828, 10.831712456763603, 11.245348057752814, 11.71092957333327, 12.205772178288974, 12.773366357193135, 13.412245550914621, 14.086882918437372, 14.834247342134583
inf, 17.423918191657837, 17.422575186577788, 17.418826891572078, 17.416361229008523, 17.413788588427913, 17.4102978261235, 17.408932450515643, 17.405943917272733, 17.405965918438657, 17.404527000021822, 17.402998019013026, 17.40126353643356, 17.401278183296043, 17.40143063667526, 17.463063771796996, 17.542705783755416, 17.599063205357762, 17.589509518442956, 16.563481926668135, 16.062976301143255, 15.081004259725528, 14.190569191195802, 13.776088405789837, 13.005215389371937, 12.667258680845077, 12.047543424017842, 11.594182990315916, 11.40997275431579, 10.685669793189815, 10.32062756490007, 9.688112204705694, 9.27131552469345, 9.15147666817412, 9.04076559623888, 9.026224725711662, 9.039754623321747, 9.108091767925028, 9.25282100084652, 9.526051557389971, 9.831583100613793, 10.157698156159213, 10.525867808932738, 10.943438252097549, 11.385300738937497, 11.880415083015459, 12.405417802984847, 13.004158064911262, 13.674844004615407, 14.381537284366063, 15.161330275297157
inf, 16.25988830401228, 16.25863230163746, 16.25514077210733, 16.25283457787581, 16.250460378335355, 16.247207797973868, 16.245941038890766, 16.243165564039494, 16.243188073081978, 16.241888691008317, 16.240498452301384, 16.238912165416377, 16.238927660285132, 16.23908162693598, 16.300554338392267, 16.38074515308623, 16.43752788616191, 16.429771579486147, 15.462540223331557, 14.991298754159143, 14.071239466564814, 13.241247114849159, 12.857558716094655, 12.147379526393863, 11.838541966679559, 11.276920885667868, 10.87175965532387, 10.708881738546486, 10.074069628694325, 9.759567722691692, 9.23218314572765, 8.917804085435648, 8.841777337974785, 8.797942058406631, 8.809604643413808, 8.863588175777307, 8.999861953395847, 9.291261013970061, 9.611115735284457, 9.970279746138791, 10.352787401617437, 10.782075913274781, 11.264151454686921, 11.77190519671811, 12.334884588817456, 12.928733599930352, 13.597896381320197, 14.340046133382545, 15.118588457620413, 15.970809481756586
inf, 15.16656821879096, 15.165396937995748, 15.162161181940322, 15.16001269638367, 15.157834386403428, 15.154818461177284, 15.153648848231034, 15.151083915380577, 15.151109170679165, 15.149944810669904, 15.14869269397471, 15.14725402677779, 15.147270481452734, 15.147426163016725, 15.208808172052244, 15.28934591039757, 15.34621346536211, 15.34007620635357, 14.431613154173276, 13.98960820609234, 13.131254608676226, 12.361376947856087, 12.008124139312628, 11.358110522013583, 11.077996419602364, 10.573516532833668, 10.215259991820938, 10.073218764535454, 9.526467093233308, 9.261150398064123, 8.83450497680754, 8.613213454349387, 8.572549213731946, 8.567576135646767, 8.610228570312817, 8.720515300556306, 9.03850903331095, 9.370665715891786, 9.736297108307356, 10.14565533372899, 10.58014544038799, 11.064584958533203, 11.604110718520964, 12.170292741386014, 12.793131466058899, 13.447472950830468, 14.177998772019876, 14.982188761838406, 15.823063261304076, 16.738043107589753
inf, 14.136852673381203, 14.135764816115985, 14.132780110178164, 14.130787607913065, 14.128800496275147, 14.12601762049367, 14.124943652783985, 14.122586276436346, 14.12261252339467, 14.121580465335787, 14.120463872409122, 14.119171925738673, 14.119189370907101, 14.119348890648912, 14.180723728792202, 14.261331729427145, 14.318217087421486, 14.313688550128598, 13.463995564059127, 13.051221741451322, 12.254428155966805, 11.544416101911038, 11.22132889806038, 10.631053102239708, 10.379342406137061, 9.931213381844335, 9.618795126394426, 9.497139009938508, 9.036861481506076, 8.819232362374725, 8.488136011428978, 8.347615483238325, 8.330883085841297, 8.34207830771165, 8.43536898107752, 8.736467670793706, 9.072875964518936, 9.424339486180578, 9.811413121514672, 10.243991400488266, 10.70240332450252, 11.212060668080774, 11.777763547726213, 12.370558231706365, 13.020637037808438, 13.702524177987469, 14.461023526239586, 15.293548603935916, 16.16291490782755, 17.106630645889222
inf, 13.13759161426517, 13.136586748178424, 13.133851828851354, 13.132014565192485, 13.130216874231074, 13.127666032086388, 13.126687008896027, 13.124536120457595, 13.124565537194236, 13.123661725681819, 13.122679202195133, 13.121533506917304, 13.121553842813766, 13.12171775503652, 13.183067078192988, 13.263684595580122, 13.320901672406047, 13.317645760290679, 12.526722757812768, 12.14318047184225, 11.407904957093413, 10.757683900272333, 10.464681442178593, 9.933990506013647, 9.710564681704431, 9.318479445799376, 9.051486735864744, 8.94998911558138, 8.57523591669102, 8.40443747728446, 8.165731955653476, 8.097989968982207, 8.09812736652367, 8.153240097223815, 8.449161392727344, 8.786475292552629, 9.162726868687567, 9.555366472314049, 9.986858911846344, 10.466553806460952, 10.973152481276445, 11.532997972363058, 12.15035633982006, 12.795482663919547, 13.498864038456972, 14.234496054878186, 15.047312476477938, 15.934664264316824, 16.8590874586427, 17.858210749487657
inf, 12.19683377782237, 12.195910394368061, 12.19342126166687, 12.191737288919127, 12.190123825953304, 12.187801800251444, 12.186915854244312, 12.184968727134683, 12.185001731742943, 12.184220203210515, 12.183367121329352, 12.182366357830075, 12.18238827046268, 12.182555127800162, 12.243747948007218, 12.324659507948127, 12.381955064619673, 12.379875731973502, 11.647704485193689, 11.293387298193291, 10.619528525178396, 10.028929984278214, 9.765847412288638, 9.294400713084164, 9.099002039561626, 8.762289791368094, 8.539868964491513, 8.458011638795544, 8.166305817328618, 8.040102328694385, 7.885178755725917, 7.868201345041611, 7.885708159127156, 8.133730356990814, 8.494030826734786, 8.878566610246994, 9.30493789569674, 9.74879120028806, 10.23411205893309, 10.769754094306577, 11.333137521686583, 11.951342346670822, 12.62819430029815, 13.333328982489697, 14.097455766402833, 14.894151817016029, 15.76839951655756, 16.717513192489477, 17.703854470566107, 18.765118231248536
inf, 11.318919012933117, 11.318075339218618, 11.315825526379212, 11.314292622938982, 11.312857283381021, 11.310759468390412, 11.309964677782641, 11.30821741193133, 11.308252914023756, 11.30758881235185, 11.306861258848087, 11.30600396961451, 11.306027567186968, 11.30619849146395, 11.367337664503637, 11.44829705528185, 11.505748144162949, 11.504671040237337, 10.831217836376071, 10.506098965913552, 9.89343883382485, 9.362106240507504, 9.12858289475871, 8.71573186271433, 8.5478756175172, 8.265290590755296, 8.085792468176251, 8.022726281611169, 7.810111814060212, 7.724640397650668, 7.638121336663002, 7.638836284008899, 7.82898547650405, 8.153792585428853, 8.536965619351372, 8.945275290889102, 9.396525368183116, 9.865718187994826, 10.377495330467786, 10.940473838314103, 11.5315381414218, 12.17808958208633, 12.883769520092475, 13.617960640818406, 14.41146491129132, 15.237675710542092, 16.14157624918633, 17.120484141045218, 18.136689067381173, 19.22791528486375
inf, 10.471500745354524, 10.470735734770413, 10.468721260003356, 10.46733798357829, 10.466076702697164, 10.464200233301538, 10.463495283580466, 10.461945601502151, 10.46198475039623, 10.461432749979997, 10.460827335775301, 10.460112379704462, 10.460138491466802, 10.46031628963028, 10.521360820029493, 10.60245277374142, 10.660254516398558, 10.659811708524066, 10.045046850202498, 9.74910899868359, 9.197528634443803, 8.725271147652764, 8.521126658218018, 8.16650947752655, 8.025927574956192, 7.796766419237178, 7.65928122383999, 7.614481002702297, 7.4782425245999224, 7.430848468514184, 7.402066144277423, 7.5693397848055755, 7.860415911993464, 8.228364277453617, 8.659200198089865, 9.116694051331283, 9.618945366998322, 10.13996439435504, 10.705574726656435, 11.323895309454674, 11.970875578637525, 12.67448220850252, 13.438039744639333, 14.230514313487813, 15.082858884587372, 15.9681729704056, 16.931469145795397, 17.97006102296522, 19.04608550098281, 20.197334198056687
inf, 9.686009380342693, 9.685321469975824, 9.683536334325392, 9.682300531994084, 9.681207314358744, 9.679548213308749, 9.678931152822006, 9.67757563096949, 9.6776197063652, 9.677172345761663, 9.676684297079547, 9.676110209118631, 9.67614090372767, 9.676324815985769, 9.73726818116276, 9.818650117088495, 9.876562492595458, 9.876883886983563, 9.320386645015404, 9.053570097408889, 8.562794935184796, 8.1491893922565, 7.974041337734836, 7.676821409199959, 7.562888275391636, 7.385452135090582, 7.287752733183172, 7.259832842633996, 7.192229552233165, 7.1751587455653105, 7.310557581693654, 7.601687770504383, 7.9323694948401435, 8.349143437208118, 8.832261596577608, 9.343256436808554, 9.900435573340179, 10.477079121122237, 11.100059071407335, 11.77703042421945, 12.48314162742475, 13.246866421688278, 14.071256023046134, 14.924926191889512, 15.838957248113797, 16.7861941837364, 17.811652403882704, 18.91266329372361, 20.051231758871054, 21.265210194645043
inf, 8.965486219842882, 8.964873113021302, 8.963309956082307, 8.962218378254223, 8.961284829531921, 8.959837687763335, 8.959305491938963, 8.958139409124916, 8.958185143788882, 8.957836772721295, 8.957458130171071, 8.957022073019427, 8.957054544646882, 8.957245427330985, 9.018211297196977, 9.099627529418362, 9.158195138076504, 9.158854572290135, 8.660157113690257, 8.42238665318842, 7.992069679996606, 7.636562194149915, 7.48992049853882, 7.248930490189639, 7.160758385495629, 7.032547237677492, 6.971288945605693, 6.958080029153122, 6.9459746009519705, 7.07526014343268, 7.318852920536547, 7.627706232590558, 7.97906610715866, 8.420325237958386, 8.929334256360557, 9.466747430307837, 10.050943844834059, 10.654925012867567, 11.30606488299068, 12.011778335772599, 12.746844091263421, 13.539978845174495, 14.394107328724218, 15.277693013252533, 16.22187084699657, 17.199377055248956, 18.25523457870149, 19.386784664042903, 20.55595927629017, 21.800647399162514
inf, 8.277890351328372, 8.277351628489798, 8.276008254991275, 8.275059952271455, 8.274283465185798, 8.273046883474846, 8.272598606026769, 8.271620675100902, 8.271671998278341, 8.271415763253863, 8.271143727662725, 8.270844836786868, 8.270882521905106, 8.271080177705908, 8.332039098348933, 8.414078101328325, 8.472921594746508, 8.474436403953707, 8.032606330995039, 7.823836871408865, 7.453811575674398, 7.156133525451761, 7.037774704650744, 6.8523698666709025, 6.789450876365813, 6.708937654195076, 6.681999668495533, 6.715573820943218, 6.853295788896162, 7.0776174109049, 7.351713763455176, 7.705711606895502, 8.106571288637717, 8.602776709892872, 9.16860948682503, 9.763556936880823, 10.406073199730882, 11.068797975932384, 11.779776522993792, 12.54609930697398, 13.342055127886018, 14.19667804764914, 15.11271370548943, 16.058427602983162, 17.06501974060043, 18.105077798275797, 19.223612438100144, 20.417974405581973, 21.650026614750505, 22.957684233559988
inf, 7.653975689300015, 7.653507417450058, 7.652374929157521, 7.6515656309270454, 7.650935942827398, 7.649903215928496, 7.649534993720943, 7.6487390247615705, 7.648794486253328, 7.648621152668818, 7.648446857680334, 7.6482819365256285, 7.648321645249739, 7.648767205389884, 7.709912821344648, 7.792066698977122, 7.851506223352357, 7.853757231958, 7.467764184284378, 7.287811248968483, 6.977381027680294, 6.736425641567683, 6.645399208121907, 6.513155414322525, 6.473627615062071, 6.435398685323256, 6.477264684217447, 6.633395327911591, 6.849713416202927, 7.086873666938244, 7.380088731132672, 7.759014980704172, 8.186496886313105, 8.711462502905828, 9.306800947498825, 9.931520413786266, 10.60410707330982, 11.297064655633347, 12.038707093502639, 12.83601519200136, 13.66308124577568, 14.54908359089561, 15.496688910822416, 16.47407155015336, 17.51246435696772, 18.58437324658008, 19.734768105746653, 20.961021213304555, 22.224986231975443, 23.564578483694493
inf, 7.061509374771209, 7.061109771609951, 7.060180367790542, 7.059507541912699, 7.059017634599559, 7.058183472392027, 7.057893121207276, 7.057274866575528, 7.05733816545573, 7.05723710817934, 7.057155608521952, 7.057122953478888, 7.057408940306321, 7.058237137755421, 7.119283517134924, 7.201968524841688, 7.2620197202555286, 7.2652007446081495, 6.933925746332995, 6.782664374295226, 6.531338727433285, 6.346304349599701, 6.281915779118262, 6.201039021471074, 6.183526012387934, 6.246577302639433, 6.407340900537542, 6.627185527680401, 6.86853323756774, 7.13520232840422, 7.474059094173295, 7.907858832621007, 8.392893585098726, 8.978826897786602, 9.63628923053652, 10.323588385068946, 11.059240513500411, 11.815546183289628, 12.621290320780368, 13.483222282262506, 14.375101295343118, 15.32633518305247, 16.33946218609627, 17.382522033325692, 18.486788478740202, 19.624665292997317, 20.841094738729574, 22.133460320621122, 23.46357824868693, 24.869373185091476
inf, 6.534161816806143, 6.5338252560425145, 6.533084531727028, 6.532541748377476, 6.53217650177935, 6.531530310884793, 6.5313122470088745, 6.530861935970447, 6.530933318637259, 6.530889121397184, 6.530984484658212, 6.531224722962696, 6.53188828743228, 6.5331431208851445, 6.594095580432618, 6.67715008110837, 6.737658941296765, 6.740118789079798, 6.46367806787093, 6.340701570463508, 6.146993083450442, 6.015403448954517, 5.975544164716987, 5.940242548181456, 6.027714278738095, 6.1912369909298315, 6.412627561005252, 6.6427881458420215, 6.910815711547836, 7.212061936650209, 7.5974717649045305, 8.084739998322616, 8.625303135862346, 9.269511314827326, 9.986132878954837, 10.732989473617467, 11.528601363792273, 12.345138051230974, 13.211879718127905, 14.135327594038168, 15.088903739171961, 16.102262105275344, 17.17780974527982, 18.28346266886304, 19.45053303364739, 20.651322563720115, 21.930740493645374, 23.28619351879814, 24.67945023133216, 26.148453262483056
inf, 6.071415750475218, 6.071136955976745, 6.070571820387447, 6.070152821994842, 6.069897283848591, 6.06942921739344, 6.069277789478974, 6.068986472054056, 6.069063208485782, 6.069228499859838, 6.0695931676980885, 6.070204027060312, 6.071288048168581, 6.072809712184054, 6.133673023049083, 6.216894252795814, 6.277517983453972, 6.276052109065013, 6.056022501478801, 5.960708902110258, 5.822443703915912, 5.740490851574107, 5.721978823121893, 5.818674289982318, 5.985002822940169, 6.1943512666573275, 6.425737488113966, 6.6678840784055415, 6.95517142484399, 7.279030631420473, 7.691820692863039, 8.20908085201305, 8.780396792499161, 9.456378195859969, 10.20510072514831, 10.984207333132149, 11.812214675804432, 12.661243970976953, 13.560757777206993, 14.517162005633095, 15.503757426771884, 16.55028698789786, 17.659108426623284, 18.798094482204945, 19.998568015776133, 21.232799297826915, 22.545687677742375, 23.934644093760294, 25.361421148991205, 26.863965728806473
inf, 5.641490636830205, 5.641265208688541, 5.640865958647801, 5.640565766538373, 5.640408947720186, 5.6401113966271526, 5.640022269080377, 5.639882723773097, 5.640163350571329, 5.640590365887409, 5.641322981163982, 5.64234986633764, 5.643697060618063, 5.645522990410371, 5.706146250783019, 5.7892666356403994, 5.851390006292299, 5.844002552138452, 5.679676152494476, 5.611509378591513, 5.526866056560792, 5.491269462794348, 5.613991041051851, 5.783462440967146, 5.9852877031648415, 6.208194333066268, 6.462504983071753, 6.7306772368599574, 7.055571605054281, 7.422030541657025, 7.884518543644806, 8.455449466022321, 9.081616039997604, 9.81406197079647, 10.619653510043408, 11.455873649482223, 12.341201345121485, 13.247769725207249, 14.205445601854477, 15.22038416564634, 16.265630190265842, 17.371102398008876, 18.539055201096033, 19.737298489342496, 20.99716046472284, 22.290857280314235, 23.66323985446748, 25.111746934340726, 26.598102020345273, 28.160258464704647
inf, 5.271509706350273, 5.271329636082998, 5.271078063071294, 5.270887718003541, 5.270809089627593, 5.27066967693437, 5.2706347106059, 5.270827868952377, 5.271359061759709, 5.272134626000755, 5.273276370125231, 5.274554268900788, 5.276194845231041, 5.278264378771122, 5.33808703022655, 5.422125396564442, 5.483600343729001, 5.469505205109323, 5.35874338459793, 5.3161049378886345, 5.2795188367120005, 5.412097545791809, 5.587022131654297, 5.790924948262487, 6.006572210202738, 6.254887216979163, 6.5427085938390315, 6.847284027700199, 7.218532636123845, 7.635020909695721, 8.152525651076456, 8.781173951130636, 9.4658478711614, 10.257884957206976, 11.123288055942854, 12.019481296166116, 12.964894726548913, 13.931717803473767, 14.950125899009494, 16.026060779630654, 17.132380919476862, 18.299126855165937, 19.528471254871548, 20.78819190573685, 22.109607744916218, 23.464905906840233, 24.898882310188657, 26.408997630143404, 27.956967228212612, 29.580736927202313
inf, 4.960009562312119, 4.959863158923657, 4.9597288238914174, 4.959635395589478, 4.959606255292165, 4.95961437487223, 4.95992816577478, 4.96035804266488, 4.961222107814926, 4.962381167963867, 4.963763210456034, 4.9653204945679095, 4.967193541555187, 4.969559936723056, 5.029200554751445, 5.111661213146122, 5.169911575596963, 5.149772647212686, 5.088508314130355, 5.068138693884005, 5.217995930618874, 5.392964020355567, 5.587944723712184, 5.796626224075739, 6.01899092194319, 6.277545769613805, 6.5778779605307065, 6.895862878219536, 7.283381673201281, 7.717145242834221, 8.25328511795245, 8.901331572347468, 9.60564061255385, 10.41764506402671, 11.303103955421133, 12.219408628569433, 13.184970817517216, 14.172033335633154, 15.21089510718368, 16.30737693791456, 17.434265892796443, 18.621635065474997, 19.871633559934562, 21.15203518416013, 22.494144819386584, 23.870160811157525, 25.324850525422615, 26.855690060765106, 28.424386545236747, 30.068886745300894
inf, 4.667269578486321, 4.667155353044698, 4.667124652113364, 4.667137596891715, 4.667280851290243, 4.6676350864470475, 4.668179381814592, 4.668939107770374, 4.6701814673527045, 4.671567696130704, 4.673220415459598, 4.6750049558872595, 4.677171424634793, 4.679803770070095, 4.7373696045849405, 4.816191078455202, 4.8609853820802655, 4.846839373368366, 4.832716877481731, 5.0135300999045045, 5.200282136278867, 5.402054591373734, 5.613824283148971, 5.852396128950068, 6.110417034937916, 6.41417279331274, 6.7654582248124955, 7.136342267789735, 7.583301334337592, 8.079004319251824, 8.680692626475057, 9.396397004158679, 10.16900214122974, 11.050288024550879, 12.005403420369028, 12.99147306013738, 14.026895859152944, 15.083919715550284, 16.19307221847866, 17.360096753863303, 18.55763981177825, 19.815933165742457, 21.13703461574227, 22.48864295819265, 23.90207479925133, 25.349432646510294, 26.875281267191433, 28.477171251840836, 30.116888583381524, 31.832314575656266
inf, 4.439108045579551, 4.4390204623871625, 4.439111670877505, 4.439255541770737, 4.439712446211106, 4.440285812946919, 4.441131683755091, 4.442247448973553, 4.44369904333386, 4.445319441730616, 4.44718071059806, 4.449250422944642, 4.451682090944255, 4.454379031988575, 4.507104631125025, 4.5704650135093265, 4.5994043372323645, 4.618131380294792, 4.808872800246362, 5.003981206451041, 5.209467029358809, 5.440907202981124, 5.694766872842022, 5.995803757997495, 6.323883780760074, 6.708789156327256, 7.146617179991637, 7.606407586630146, 8.150922597197907, 8.7469264410909, 9.452837990034553, 10.27504940475164, 11.154838199659029, 12.14434337167375, 13.207708853934431, 14.302204713848875, 15.446091809822235, 16.611789196070063, 17.830305333727548, 19.10702268850381, 20.414330351678213, 21.78263892175296, 23.21387002612387, 24.675727911463703, 26.19947072766033, 27.757204761857572, 29.393381925644327, 31.105590400080036, 32.85561880348969, 34.68131968003497
inf, 4.296712945001907, 4.296662429661804, 4.296882243491374, 4.297327424014949, 4.297975914330731, 4.298857715423773, 4.300030613557684, 4.301356038634298, 4.303021737732603, 4.3047482883975485, 4.306807257443466, 4.309129702153223, 4.311650892632355, 4.314229504991519, 4.3447745877252615, 4.382905407824936, 4.417632110987122, 4.61472811144156, 4.812528119781282, 5.014848377608123, 5.238492550793061, 5.500973629037, 5.790932145342478, 6.134720533556875, 6.50742516689371, 6.939513775255305, 7.425552689939307, 7.934166280920338, 8.530003565925572, 9.178072632388409, 9.937131876177093, 10.813120370303366, 11.746863076504312, 12.790604765287053, 13.908156921477055, 15.056883474421163, 16.254980585736504, 17.474962446174054, 18.748015833353968, 20.079378019998302, 21.44134885482356, 22.864399301259464, 24.35039756149162, 25.867061291184903, 27.445615709606365, 29.058176421178633, 30.749129314165952, 32.51608264820747, 34.32084050685915, 36.201232248614176
inf, 4.172549569214491, 4.17258734541701, 4.173106776564641, 4.173748944976801, 4.174660724065723, 4.1758823321472125, 4.177236121153627, 4.178798933302195, 4.180561875962264, 4.1824129202813864, 4.184628635999283, 4.187072134895022, 4.189558736239715, 4.192008956879031, 4.176520623844849, 4.214712258119664, 4.424753498875117, 4.642271067980095, 4.878410790667871, 5.129870671017166, 5.426682758297267, 5.777144148363581, 6.158849909830181, 6.59980551091924, 7.071043638760443, 7.603583518424207, 8.190667525996076, 8.800846067100814, 9.50074547914722, 10.253624915675658, 11.11859110516434, 12.101099060365858, 13.14149720255712, 14.29215163568987, 15.516503886837203, 16.772023443433127, 18.076825477919265, 19.40357467446799, 20.78366811483668, 22.222216440250158, 23.691419942024034, 25.221855389688276, 26.815305235990778, 28.43948567745909, 30.125585990528013, 31.845677911335603, 33.64393256988791, 35.5180336515581, 37.429881704667864, 39.417222456329895
inf, 4.01418032087523, 4.014275624236823, 4.014857741352575, 4.015568321341055, 4.016584065265257, 4.017903324789181, 4.019317895654508, 4.020968508797785, 4.022733676721565, 4.024645978029352, 4.0268844839452616, 4.029331784834264, 4.031817291407177, 4.034244748124362, 4.00678985156207, 4.241402725482762, 4.485058657241036, 4.755902514149876, 5.065783044243441, 5.398693096568645, 5.786884888790301, 6.233038429829163, 6.711228023711625, 7.2503530293152485, 7.820118089553404, 8.451695200987201, 9.137714847073214, 9.847050617474682, 10.647557161276643, 11.501408623663503, 12.467850690635766, 13.552065016893852, 14.694184282725667, 15.94659994880924, 17.27247746138281, 18.62948553082915, 20.03565838800207, 21.463820256666423, 22.945528384339827, 24.485788399274902, 26.056727042128564, 27.68899011804687, 29.384295537261416, 31.110374386611973, 32.898382472469066, 34.720359419336745, 36.62031058558357, 38.59597725341223, 40.609338252069236, 42.698070021187476
inf, 3.7768490700215462, 3.776960260931144, 3.777533820082704, 3.778260239383786, 3.779287372798329, 3.7806136068172296, 3.78203973354296, 3.7837023247995427, 3.7854591569671214, 3.787385627215691, 3.7896207188953284, 3.7920658915599934, 3.794555991015342, 3.7969837224986467, 4.028451971295761, 4.279037977216928, 4.542151196145854, 4.8392469766824044, 5.179366045808165, 5.54363554382616, 5.9644234631661766, 6.443669727669078, 6.955004860569585, 7.527474310900673, 8.130614897309831, 8.795603250506414, 9.514942939273263, 10.25765734286946, 11.091878235915878, 11.979499700655769, 12.979758045315887, 14.09778458811454, 15.273703003728725, 16.559885625965133, 17.919436702649755, 19.31010673777843, 20.7499092097993, 22.211725205136233, 23.72715221895051, 25.301152825045044, 26.905832408565033, 28.571839981750117, 30.30088547454788, 32.06070851158932, 33.88245572335782, 35.73816924598768, 37.67183593430436, 39.681204852601105, 41.72825973816509, 43.85067019455043
inf, 3.508519193601282, 3.5086303157184293, 3.509204018678484, 3.5099300601852894, 3.5109568806541787, 3.5122826772664997, 3.513707350138786, 3.515368807324886, 3.517124179158922, 3.5190487465431173, 3.521282102614008, 3.523725588299306, 3.526213463444156, 3.7972023434047437, 4.028910310714725, 4.279715368636759, 4.543057337065197, 4.840381306131515, 5.180714560521664, 5.545190032998911, 5.9661699337687795, 6.445598943974263, 6.957114364975365, 7.529758508818013, 8.133072137448826, 8.79823070367267, 9.517739707224113, 10.260622368759579, 11.095004685058692, 11.982785610741045, 12.983199480994008, 14.10137852664635, 15.27744823342614, 16.56378032749796, 17.923480903057264, 19.314299530450658, 20.754250237602555, 22.216214064970654, 23.73178749177322, 25.30593438740316, 26.910760603422, 28.576915146734468, 30.30610811178386, 32.0660786480846, 33.887973751312124, 35.74383471280846, 37.67764712914012, 39.68716063549743, 41.73435975966454, 43.85691362792246
inf, 3.2399713401354733, 3.240082491760909, 3.240655884514219, 3.2413815704886693, 3.242407946926776, 3.2437323250708543, 3.245155906918549, 3.2468157630078784, 3.248569267850906, 3.2504918659374877, 3.252723447741882, 3.2551645941679688, 3.526317232705322, 3.7974100362421925, 4.0292204211018126, 4.280116999858418, 4.543557306982957, 4.8409845139025025, 5.181418136334813, 5.545991435540275, 5.967064474270205, 6.446583190637921, 6.958187227330503, 7.5309178527820615, 8.134317286602403, 8.79956042570768, 9.519153209218146, 10.262119461447066, 11.096583700166347, 11.984445887271367, 12.984939350443007, 14.103196559094933, 15.279343812147157, 16.56575244560195, 17.925529031109313, 19.316423264777022, 20.756449303715783, 22.218488463378403, 23.73413703540292, 25.308359074497492, 26.913260514416493, 28.579490302422904, 30.308758593724768, 32.06880444911922, 33.89077490965623, 35.746711058618025, 37.68059802446625, 39.69018568470655, 41.73745881636764, 43.86008638994971
inf, 2.9713205699852563, 2.971431356301677, 2.9720043647474452, 2.9727295096750463, 2.9737544307990627, 2.9750776817284468, 2.976499628003056, 2.9781575416576307, 2.979909018265908, 2.981829649981763, 2.9840588228703173, 3.255385200098015, 3.526757960595114, 3.798070423063832, 4.03012181590645, 4.281217768437376, 4.5448741719407195, 4.842532195496005, 5.183191822855807, 5.54798638002382, 5.969271096676432, 6.448995634322487, 6.960804911755796, 7.53373739799688, 8.137337982613987, 8.802781424042948, 9.522576632502629, 10.265743084985507, 11.100396080252473, 11.988445201411354, 12.989124310030633, 14.107567149443058, 15.283900275224608, 16.57049581485932, 17.93046336287662, 19.321548159238095, 20.761765497238834, 22.223994577462218, 23.73982944475086, 25.314237532260638, 26.919325761636415, 28.585743609779758, 30.315201402770068, 32.07543702481928, 33.89759851461028, 35.753725319987915, 37.687801365297375, 39.69757689928656, 41.74503770590502, 43.86785217825674
inf, 2.702445566064105, 2.7025560445732255, 2.7031288771522486, 2.703853081734719, 2.70487712705304, 2.7061990690017317, 2.707619409183224, 2.7092754073757406, 2.71102535980618, 2.7129441686132543, 2.984299648942435, 3.255866665755515, 3.5274797271762393, 3.7990321815571937, 4.031344527411275, 4.282661854911441, 4.546556195202981, 4.844464966785525, 5.185368459425598, 5.550401143057761, 5.971912871546804, 6.451857367908184, 6.963885520025547, 7.537032774241611, 8.14084716248884, 8.806503028119396, 9.526512097868993, 10.269890359645949, 11.104744209095635, 11.99299225765715, 12.993868336775384, 14.11250741933609, 15.289036687820298, 16.575828763927408, 17.935996118532742, 19.32728015762102, 20.767697245685497, 22.230124881573357, 23.7461550502737, 25.3207582315922, 26.926042244168624, 28.592656999762774, 30.322313012902228, 32.0827470910523, 33.905108162776834, 35.761434139995565, 37.69570765702836, 39.705679418043815, 41.753336202776076, 43.87634582638166
inf, 2.4333271130144967, 2.433437453053705, 2.4340096529432036, 2.4347333826236532, 2.4357563236220043, 2.437076928457344, 2.4384956319990705, 2.4401501621923147, 2.4418986465665715, 2.7131403442671753, 2.984691801929439, 3.2564547333496305, 3.528263517964001, 3.8000114975460813, 4.032517565744843, 4.28400279048304, 4.548079980152427, 4.846190336915325, 5.187299271720687, 5.552536840800451, 5.974251058143481, 6.454396491399104, 6.966625574642863, 7.539972769743525, 8.14398690642334, 8.809842364295857, 9.530052240270267, 10.273630037117028, 11.108677784352206, 11.997118970913473, 12.998187847022413, 14.117019981902818, 15.293742413363507, 16.580728310924812, 17.941091498915025, 19.33257116792275, 20.773184252069665, 22.23580702134132, 23.752030307477575, 25.32682638095106, 26.932303613436925, 28.59911218760147, 30.328962678398636, 32.08959131897044, 33.912147484671124, 35.76866831173992, 37.703135799636165, 39.71330082264541, 41.76115073188632, 43.88435299176081
inf, 2.164011400592881, 2.164121162850156, 2.164693028096982, 2.165415856918635, 2.1664375304590684, 2.167756624974158, 2.1691739905603655, 2.17082710217265, 2.4423095123314122, 2.7139613410835595, 2.9859217588659663, 3.2580932345597016, 3.5303096088128627, 3.802464225006453, 4.035374434950322, 4.2871970621982864, 4.551636428181599, 4.850147207477209, 5.191667813713145, 5.557318563633691, 5.979443629584845, 6.459998140422188, 6.972637025217315, 7.5463924252797705, 8.150814502161671, 8.817077759472854, 9.537698847351118, 10.281685542977167, 11.117128851833463, 12.005963432225885, 13.007424219114554, 14.126647699531798, 15.303761486148272, 16.591139160876082, 17.95189915769665, 19.34377508887071, 20.784784765652976, 22.247802757333954, 23.764417119122847, 25.339602963891686, 26.945470351080793, 28.61266935546839, 30.34291062630946, 32.103929754634244, 33.92687644602467, 35.78378700499936, 37.718641528955295, 39.729191059205505, 41.77742459426578, 43.90100841414774
inf, 1.8942804683160388, 1.8943900570979053, 1.8949616031053633, 1.8956841749687114, 1.89670484186607, 1.8980231531514955, 1.8994396625826018, 2.171040927949129, 2.4427369348673444, 2.7146021058298233, 2.986775211433999, 3.2591590809511493, 3.5315874395685, 3.803953622796481, 4.037025114809117, 4.288945507311076, 4.55351610518993, 4.852212147269447, 5.193940871374755, 5.559804940078188, 5.982147478671762, 6.4629206898553475, 6.975778876452232, 7.549754005323951, 8.154395991230265, 8.820879613765396, 9.541722338501048, 10.28592987796562, 11.121589835837998, 12.01064066181354, 13.012318317438618, 14.131759620986905, 15.309091819766508, 16.596689130489775, 17.957671528969144, 19.34976985656539, 20.791002467664896, 22.25424278772628, 23.771077762738155, 25.34648417764717, 26.952572559341927, 28.619993338609888, 30.35045721668449, 32.111699154983086, 33.93486938826723, 35.79200340701559, 37.72708083843425, 39.737852802704545, 41.786308720564314, 43.91011462930944
inf, 1.6243341844632861, 1.624443619116733, 1.6250150903515042, 1.625737061640022, 1.6267571670913772, 1.628074811526792, 1.8996592047201681, 2.171479850284893, 2.443395054874709, 2.7154792110650203, 2.9878709025075874, 3.260473240980276, 3.5331197431702512, 3.805703727042139, 4.0389682840159145, 4.291048528732384, 4.555795780255704, 4.854698655508679, 5.1966487267918815, 5.562738236504645, 5.985310111362302, 6.46631458412554, 6.979404777216563, 7.553612625791073, 8.15848752070455, 8.825204420035822, 9.546281613932083, 10.29072301381837, 11.126613488796929, 12.015894368853372, 13.017801935144467, 14.137473072940404, 15.315035065013985, 16.60286222530659, 17.96407594076791, 19.356405421060533, 20.797869158984852, 22.26134019641774, 23.77840467672124, 25.354039973081914, 26.960357220673124, 28.628006673555774, 30.358699006503535, 32.12016916706478, 33.94356727191326, 35.80092883773639, 37.736232838350624, 39.747230370493384, 41.79591145084477, 43.91994164297431
inf, 1.354167306867157, 1.3542767495141699, 1.3548477788237068, 1.3555695270163717, 1.3565891207740468, 1.628280599164281, 1.900070718660007, 2.1720970418780343, 2.4442175748397688, 2.7165069739474155, 2.9891031753876325, 3.2619096988449288, 3.534760018204249, 3.8075474015393653, 4.040894835032433, 4.292973162887127, 4.5577703006048935, 4.856818838638934, 5.198966820821553, 5.565270095681704, 5.988075038606878, 6.469322205048939, 6.982657417545152, 7.557115406307446, 8.162241832173862, 8.829212657064526, 9.550544898504263, 10.295241696406459, 11.131390202045303, 12.020930356724142, 13.023100565155913, 14.14303716036444, 15.320865866524509, 16.608961897043322, 17.970446582780916, 19.363047572131332, 20.80478341143901, 22.268526417368854, 23.785862605462018, 25.36176975380741, 26.968359010822635, 28.63628095665716, 30.36724618065386, 32.12898941356592, 33.9526609485764, 35.81029617573358, 37.745874438152214, 39.75714655750403, 41.80610239376881, 43.93040760820316
inf, 1.0837938782611747, 1.083903157396252, 1.0844739730272466, 1.0851955217201152, 1.3568789818019447, 1.6288599938859174, 1.9009394138288187, 2.1732548163945546, 2.445663908858097, 2.718241557149971, 2.991124883468084, 3.2642180912571876, 3.5373543984495703, 3.8104270090492243, 4.043940912107715, 4.296095342826905, 4.561019826645343, 4.860296204547671, 5.202729659864594, 5.569337111169555, 5.992469324513821, 6.474056145197275, 6.987734506401466, 7.562542251850919, 8.168020328991734, 8.835346119930591, 9.557035914079911, 10.302090231473194, 11.138596839347152, 12.028496262968396, 13.031029734090474, 14.151332927164582, 15.329529692797069, 16.617996313604724, 17.979854969065315, 19.372830523233066, 20.814941559833617, 22.279059370430147, 23.796769335607824, 25.373049792913637, 26.980012373555496, 28.648307760326755, 30.379646405484795, 32.14176298084281, 33.96580770426695, 35.82381614465686, 37.75976772143047, 39.77141281226422, 41.82074147308589, 43.94541913663306
inf, 0.8131292422207546, 0.8132386549136823, 0.8138094522295449, 1.0853537822577888, 1.3571955751302072, 1.6293349278565832, 1.9015727811349135, 2.1740467169832547, 2.4466142645486046, 2.7193504968334903, 2.992392363918972, 3.265644080951681, 3.53893895866006, 3.812170186733923, 4.045770585374227, 4.29796446801827, 4.562958720559014, 4.8623567553879425, 5.204937383270571, 5.571698743311885, 5.994992184885271, 6.4767428250703585, 6.990585014214779, 7.5655575839651075, 8.171200536926051, 8.83869111679994, 9.560544645673225, 10.305763407370009, 11.142437403829256, 12.032504530089874, 13.035205632406825, 14.155676006634417, 15.334039758329036, 16.622672832787586, 17.98469717165676, 19.377838327589355, 20.82011468073029, 22.284398214336154, 23.802274699200776, 25.37872180128495, 26.985850975987574, 28.654312804286874, 30.385817705925483, 32.148100520777916, 33.9723113059903, 35.8304858355058, 37.766603500756446, 39.77841470234141, 41.82790943037272, 43.952753143206984
inf, 0.5423065450693949, 0.5424159967026614, 0.8140716142064235, 1.0858781240656223, 1.3579817858918735, 1.6303828642043992, 1.9028824000252047, 2.175617989336979, 2.4484468070615373, 2.7214442413843236, 2.9947465440129433, 3.2682583747798035, 3.5418129726046144, 3.815303455296052, 4.049021440050861, 4.301234635225626, 4.566311275572157, 4.865906603489249, 5.208747126746084, 5.575787347650013, 5.999383088040183, 6.481448055984709, 6.995607491338353, 7.570903755532595, 8.176872147590212, 8.844691218255011, 9.566874812173896, 10.312423802777463, 11.149430967498123, 12.039832840145479, 13.042873004891739, 14.163686175499093, 15.3423942913669, 16.63137461116309, 17.993748814779565, 19.387240529038046, 20.829868244703412, 22.294502733859996, 23.812729548950117, 25.389527115102062, 26.997006944421585, 28.665820087585473, 30.397676844249887, 32.160311731496215, 33.98487507104743, 35.843402414131, 37.77987364160991, 39.79203880548263, 41.84188773563137, 43.96708599506957
inf, 0.27122138925393774, 0.5425522296403402, 0.8143439394125918, 1.0862865339399326, 1.3585261501585006, 1.631063152850639, 1.9036985852055772, 2.1765700477131014, 2.449534597829296, 2.7226677235670382, 2.9961054605782964, 3.2697526392447296, 3.543442426036183, 3.8170679000033223, 4.050874151596301, 4.303144289416713, 4.568300272578617, 4.868016333390246, 5.2110010619417935, 5.578192906281346, 6.001949888297986, 6.484181557338808, 6.998509216503454, 7.573976750106295, 8.180117300546417, 8.848110122706204, 9.570468652852279, 10.316192308275879, 11.15337446611638, 12.043952034426535, 13.047170038248487, 14.168163013972514, 15.347051670902678, 16.636214051560323, 17.998771711500368, 19.392447199941046, 20.835259121895632, 22.30007739175738, 23.818487310773854, 25.39546790599999, 27.003130825464314, 28.67212734605769, 30.4041677080402, 32.16698625550944, 33.99173341953735, 35.85044463945947, 37.7870999759478, 39.799449309678614, 41.84948248264386, 43.97486503732694
0.0, inf, inf, inf, inf, inf, inf, inf, inf, inf, inf, inf, inf, inf, inf, inf, inf, inf, inf, inf, inf, inf, inf, inf, inf, inf, inf, inf, inf, inf, inf, inf, inf, inf, inf, inf, inf, inf, inf, inf, inf, inf, inf, inf, inf, inf, inf, inf, inf, inf, inf
