0.0, inf, inf, inf, inf, inf, inf, inf, inf, inf, inf, inf, inf, inf, inf, inf, inf, inf, inf, inf, inf, inf, inf, inf, inf, inf, inf, inf, inf, inf, inf, inf, inf, inf, inf, inf, inf, inf, inf, inf, inf, inf, inf, inf, inf, inf, inf, inf, inf, inf, inf
inf, 0.3989576347779452, 0.7979593249774505, 1.196950888518137, 1.595983359800059, 1.9946088029670763, 2.39250817088426, 2.790249548456778, 3.1876777695800347, 3.584893020678993, 3.981578066491969, 4.377775976463358, 4.773759114603207, 5.169394712819505, 5.564860760324051, 5.93554085007186, 6.341244484435066, 6.767774887608209, 7.247754364250482, 7.749927060530154, 8.311505357259303, 8.942527835759025, 9.610007366714553, 10.352343081725172, 11.131988041423, 11.98500686881406, 12.910162445415942, 13.870121420419801, 14.897378244472558, 15.9585437297581, 17.084367526514303, 18.274201760362537, 19.49481437888972, 20.776430136432328, 22.08939859328001, 23.464851403143108, 24.902963949119794, 26.37210574946253, 27.903396824550423, 29.466444659317663, 31.09252933959724, 32.782530358968955, 34.50501649107209, 36.29189587623912, 38.11075452007175, 39.99560570221048, 41.9458659088663, 43.92893420577764, 45.977909974548496, 48.05918407102857, 50.2069039083268
inf, 0.7977942495518311, 0.7978384846335336, 1.1967094061114367, 1.595621354008721, 1.9941265533239618, 2.3919061288991808, 2.7895278911440817, 3.1868367366101205, 3.5839327586647745, 3.9804989105186146, 4.3765780324531605, 4.772442451647807, 5.167959476910498, 5.563307014717342, 5.933975788907014, 6.339652821362385, 6.766148036044902, 7.246053324875327, 7.748137308654879, 8.309602867683349, 8.940496025552907, 9.607839925627562, 10.350030717209156, 11.12952719272828, 11.982391928700208, 12.907389358960847, 13.867188504568691, 14.894282842498537, 15.95528473904236, 17.080943032636196, 18.270610145940804, 19.49105491194601, 20.772501287402452, 22.085299768380256, 23.460581405158532, 24.898521750197585, 26.36749088010739, 27.8986084585518, 29.4614824280127, 31.087392504090374, 32.77721823165015, 34.499528761080086, 36.28623194442319, 38.1049141373852, 39.98958842964527, 41.939671350330535, 43.92256228736064, 45.9713602967757, 48.05245651362567, 50.19999815734331
inf, 1.19640370734448, 1.1964479621777566, 1.1964819148336137, 1.595166255138421, 1.9934438656518405, 2.3909959993911465, 2.788390340367135, 3.1854719343770608, 3.5823408561152412, 3.978680225884812, 4.3745325712868155, 4.770170262570973, 5.165460683618495, 5.5605817121211585, 5.931345015743818, 6.337069265374621, 6.763585840715237, 7.243409699721902, 7.745373708800239, 8.30665828827741, 8.937328545743405, 9.604433671408986, 10.34636296714255, 11.12558928687681, 11.978170285289206, 12.902874101432477, 13.862375582654977, 14.889165628003706, 15.949860579214, 17.075207030360097, 18.26455826332025, 19.48468525872456, 20.765809931154838, 22.07828522523038, 23.453240698514424, 24.890852279093348, 26.359491423785684, 27.890276895675747, 29.452817827221995, 31.078392950391912, 32.76788190772975, 34.48985487722749, 36.27621890312945, 38.09456122226757, 39.97889444070923, 41.92863517008912, 43.911183567336, 45.95963789232723, 48.040389896133135, 50.18758634408153
inf, 1.5948549282932505, 1.5948989333416348, 1.5949322759642726, 1.5950068957342496, 1.9931247712651665, 2.390516724527307, 2.787750667262123, 3.1846717347671074, 3.581380036487124, 3.9775586118440347, 4.373250055910282, 4.768726773433524, 5.16385617234743, 5.558816143924395, 5.929578706077264, 6.335278252286003, 6.761757440155284, 7.241500371077866, 7.743367576090324, 8.304532029062436, 8.93506671965756, 9.602030734119692, 10.343811763249303, 11.122887147847225, 11.975313156635538, 12.899858981293704, 13.859201320020958, 14.885830310182415, 15.946363510726519, 17.07154685371247, 18.26073405960461, 19.480696618034028, 20.761656126964752, 22.073965982204932, 23.44875544228259, 24.886200533743473, 26.35467298426296, 27.88529136555692, 29.44766507703692, 31.07307271027188, 32.76239398142018, 34.48419915586091, 36.27039519059323, 38.08856946045147, 39.972734544808475, 41.922307043108745, 43.9046871434555, 45.95297315051033, 48.033556764582116, 50.18058478459764
inf, 1.9930586271853632, 1.9931027118030782, 1.9931357340389366, 1.9932096114424813, 1.9928773319563458, 2.3900221101453596, 2.787008963875913, 3.183683161307337, 3.5801448788234844, 3.9760773980730963, 4.37152284127335, 4.7667536511903075, 5.161637297029734, 5.5563517276491226, 5.927137973219989, 6.332822871718725, 6.75926547655978, 7.238881514882404, 7.740586701078721, 8.301533543245238, 8.93181235908911, 9.598505866863697, 10.339995063582213, 11.118770637842955, 11.97088449183203, 12.895109451239621, 13.85412748431947, 14.880426402244051, 15.940627342428499, 17.0654742983746, 18.254321755645428, 19.473942983119613, 20.75455754635005, 22.066521191153612, 23.440961786586236, 24.878055686173816, 26.34617584918866, 27.87644024827119, 29.438459254290642, 31.063510704589486, 32.7524744164025, 34.47392154338723, 36.25975838156114, 38.07757297490822, 39.9613777653785, 41.91058943016861, 43.892608710422536, 45.94053323457549, 48.020755084093636, 50.167420871308465
inf, 2.3910842056669637, 2.391128198501206, 2.3911607890087643, 2.3912341187157966, 2.3905686411506473, 2.3898428133974576, 2.7866502666465207, 3.1831450682408398, 3.5794274697338535, 3.975180805903398, 4.370446990327709, 4.765498554834494, 5.160202978242881, 5.554738265012655, 5.925614459149265, 6.331349553223155, 6.757820648401288, 7.237381451398166, 7.73899969374941, 8.299810029641844, 8.929918322291638, 9.596428412351656, 10.337715840660334, 11.116282699117072, 11.96817697881215, 12.892174499118155, 13.850961904521942, 14.877024868479602, 15.936987767736007, 17.061592721644207, 18.25019492534142, 19.469569356479045, 20.74993385417391, 22.061646238927544, 23.43583316870763, 24.872671278387003, 26.340534640208773, 27.870540524890462, 29.432300272597715, 31.05709091349081, 32.74579233466346, 34.46697655627721, 36.25254919519418, 38.07009899485513, 39.95363804234872, 41.90258307736609, 43.88433543735412, 45.93199211048113, 48.01194562626564, 50.158342268036044
inf, 2.7889094992277172, 2.7889535261016545, 2.788986243342638, 2.7890591570762693, 2.788060169766071, 2.7866088899772836, 2.7864510259811732, 3.182746731250147, 3.578830223509878, 3.9743849992699483, 4.369452691225524, 4.764305826498553, 5.158811933556047, 5.553149029262365, 5.923910142593885, 6.329521836363814, 6.755864719394176, 7.235262436445383, 7.736704456605986, 8.297318291977698, 8.92721755900882, 9.593514211909781, 10.33458249351035, 11.112928403099987, 11.964599304003045, 12.888372169509998, 13.846934644961504, 14.872772320388346, 15.93250994412979, 17.056889707479627, 18.24526691437413, 19.464416477801738, 20.744556093674987, 22.056043731037413, 23.43000602708918, 24.86661966301077, 26.33425866655783, 27.864040599276557, 29.425576594654768, 31.050143951627415, 32.73862262853871, 34.4595844910602, 36.244935373478214, 38.06226375210334, 39.945582181518105, 41.89430751161037, 43.875840836415655, 45.92327946551211, 48.0030154722002, 50.149195684888085
inf, 3.186550955509932, 3.186594795092886, 3.1866272016796007, 3.1867000273785107, 3.185366879196865, 3.1831900247644205, 3.1828742617061896, 3.1825615715989657, 3.5784599744129677, 3.973829685411954, 4.368712141890006, 4.7633800683929515, 5.157700884115705, 5.551852773682619, 5.9225939189391985, 6.328166336230944, 6.754460483631622, 7.233748856099036, 7.735059396010915, 8.295508337810777, 8.925222179645523, 9.591326135781223, 10.332192751827058, 11.110334146477197, 11.961796510065534, 12.885358562264688, 13.843709576932994, 14.869334762351219, 15.928859661232421, 17.053026187600274, 18.24118970934042, 19.460125356685307, 20.74005023818882, 22.051323083656353, 23.425070380603227, 24.861468846349926, 26.328892602501956, 27.85845938672672, 29.419780257279413, 31.04413254586878, 32.73239623100907, 34.4531433702582, 36.23827979668792, 38.055393800746714, 39.938498284720886, 41.887010340269605, 43.86833099320791, 45.915557773568764, 47.995082270328666, 50.141051909154555
inf, 3.5838357081743664, 3.583879464421847, 3.583912093778144, 3.583984517822561, 3.5823174108217466, 3.5794155752360366, 3.5789422252239413, 3.578316848153528, 3.5781050916779056, 3.9731204847278647, 4.367648583024989, 4.7619622988390855, 5.15592896242185, 5.549727002855147, 5.920230608450484, 6.325560934872675, 6.75161100176632, 7.230591886832346, 7.731571313264759, 8.291653969485852, 8.920982249423385, 9.586694316653412, 10.327162280551917, 11.1049037238588, 11.955965248320624, 12.87912745242726, 13.837079757459449, 14.86230825860319, 15.921437748311122, 17.045211223501678, 18.23298374215439, 19.451529365497578, 20.731065282992294, 22.041950102051967, 23.41531087452132, 24.851324226235015, 26.318363590985502, 27.847547912909164, 29.408487160662062, 31.032459665890777, 32.720345470158904, 34.44071611426294, 36.22547818444417, 38.042218844653725, 39.92495245556475, 41.873096542675434, 43.85405127642394, 45.90091530127464, 47.980078612309306, 50.125690458160044
inf, 3.9809428617664095, 3.9809866639980958, 3.9810194485936576, 3.981092190721209, 3.979090893946811, 3.9754645412588507, 3.974833825259357, 3.973895821286362, 3.9734724392144614, 3.9729445409828053, 4.367296699101923, 4.7614345476008735, 5.155225397228866, 5.548847688894504, 5.919233711298166, 6.324443515847615, 6.750372381782948, 7.229199936041482, 7.730015165717969, 8.289916630470003, 8.919054496739523, 9.584573229639888, 10.324844930081401, 11.102389502509851, 11.953253615563586, 12.876218634846365, 13.833974089123327, 14.859006542373109, 15.917940404373628, 17.04151918879744, 18.22909775638677, 19.447449810397263, 20.726792716101386, 22.037484918389048, 23.41065377548862, 24.846475887112643, 26.313324367426866, 27.842318579646467, 29.403068032768367, 31.02685144486795, 32.714548885321186, 34.434731663365724, 36.21930669745749, 38.03586070014469, 39.91840850310252, 41.86636785651445, 43.84713864268993, 45.89382001102489, 47.97280133508551, 50.118232571106
inf, 4.377835545389415, 4.377879125650168, 4.377911851539561, 4.377984621017471, 4.3756492145497665, 4.371298404392285, 4.370510410085397, 4.36925946724876, 4.368624517436634, 4.367568670979926, 4.367081146620812, 4.761003488729181, 5.154578676809608, 5.5479853761985956, 5.918217266689334, 6.323274223610165, 6.749053264610681, 7.2276922498850285, 7.728306311847416, 8.287988823863163, 8.916900434160972, 9.58219123141279, 10.322235390191214, 11.09955363394013, 11.950194146110466, 12.872938767144454, 13.830475651725173, 14.855292789959258, 15.914012906848702, 17.037380900019023, 18.224751041397617, 19.442895785165767, 20.72203315974583, 22.03252093849607, 23.405487429292094, 24.841109034214384, 26.307757916372232, 27.836554475644366, 29.397107084936238, 31.02069536430286, 32.70819937395361, 34.428189866938446, 36.212574492763615, 38.02893888378399, 39.91129889933962, 41.85907271188695, 43.8396594628602, 45.886159437523915, 47.96496059399263, 50.11021440302114
inf, 4.774543077891664, 4.7745865151842235, 4.774619107166892, 4.774691756104931, 4.772022206138567, 4.766947209989494, 4.766002117836071, 4.764438017539245, 4.763591636330587, 4.762007938081878, 4.76103270906778, 4.7608185299853965, 5.154208657449211, 5.547430408733864, 5.9175393995026955, 6.322474670127305, 6.748134750967617, 7.226613060620146, 7.727052456405663, 8.286539834450053, 8.915246923558797, 9.580330609183505, 10.320166459012214, 11.097276980865054, 11.947711483538287, 12.87025259178625, 13.827587475574768, 14.852205341628766, 15.910727534061524, 17.033900143774243, 18.22107686575636, 19.439029099075654, 20.717975254000343, 22.02827273199798, 23.40105060525852, 24.83648511423741, 26.302947641416008, 27.831559530305704, 29.391928142495267, 31.015333865307696, 32.70265673292453, 34.422467123772336, 36.20667328188241, 38.02285987801501, 39.90504372503028, 41.852643436031784, 43.833057548619536, 45.87938729555343, 47.95801936280309, 50.10310663732049
inf, 5.171141477406125, 5.171184731464445, 5.171216886320797, 5.171289289379625, 5.168285195853801, 5.162485775352182, 5.161383491145294, 5.1595060575569365, 5.158448152617063, 5.156336404601508, 5.154873359357127, 5.1544449554391045, 5.154097612334325, 5.547208271521452, 5.917234959428841, 6.322086192055951, 6.747662237967288, 7.2260469317616804, 7.726390148584964, 8.28577868782217, 8.914386779100177, 9.579371915439642, 10.319111081598514, 11.096125919365774, 11.946466580449806, 12.868915431333681, 13.826158876652606, 14.850686750846965, 15.909119616783588, 17.032204160236816, 18.21929396393349, 19.437159851207404, 20.716020840410142, 22.026233692428743, 23.398927972796166, 24.834279836443947, 26.300660193115576, 27.829190767961492, 29.389478462624492, 31.012804096795946, 32.70004773528845, 34.41977933479489, 36.20390753064379, 38.020016555521266, 39.90212358668741, 41.84964731227861, 43.8299858800316, 45.87624109771611, 47.9547990878684, 50.09981326271904
inf, 5.56752203569136, 5.567564937163336, 5.5675965380053425, 5.567668335954438, 5.564329018874468, 5.557804916576073, 5.556545367427379, 5.554354253168741, 5.553084710802592, 5.550444610806686, 5.548493528551036, 5.547850848842787, 5.54715599527635, 5.5469875225202125, 5.916825960425639, 6.321491747987546, 6.746886112592908, 7.225070814501434, 7.725209502588855, 8.284389294035728, 8.912790093525604, 9.57756968145613, 10.317108703592316, 11.093926276755363, 11.944074920669827, 12.866336389242804, 13.823394794224367, 14.847741744711966, 15.90599556491534, 17.028904609889796, 18.21582200003727, 19.433516973112262, 20.712209973595307, 22.022256226053802, 23.394786556162934, 24.829976885193247, 26.296196904996314, 27.82456940168227, 29.384700019924797, 31.007870690218727, 32.694961509484, 34.41454146593358, 36.1985201532802, 38.0144806435659, 39.896441100813064, 41.84382047219425, 43.824015955596, 45.87013073717054, 47.94854950418278, 50.09342707299049
inf, 5.933328504692432, 5.9333174860967475, 5.933244624222669, 5.933282773636356, 5.929566887689803, 5.9222994022564, 5.920876789175713, 5.918367107589646, 5.916881686252771, 5.913716509978336, 5.91127232131286, 5.910415596731864, 5.909381470436661, 5.909044316515119, 5.9056886685183905, 6.296171848006349, 6.7058536960044846, 7.162712880272411, 7.639467435596206, 8.171814712585707, 8.771045404027106, 9.405835876763643, 10.114317907344878, 10.859689929659393, 11.677817998105429, 12.56765173950739, 13.492120756692568, 14.483625917824206, 15.508941436630746, 16.59873780405743, 17.75241860569629, 18.93682294697682, 20.182131774054525, 21.458758347106134, 22.79779782695789, 24.19944162094829, 25.63209184710367, 27.126846432624212, 28.65334236431203, 30.242844562827987, 31.89624045522578, 33.58211002303524, 35.332354915442394, 37.11457449324492, 38.9627827423588, 40.876394985579, 42.822816485466966, 44.83515250201121, 46.87978816294924, 48.99088119452652
inf, 6.228462529253455, 6.228366594428043, 6.2280127695524055, 6.22794142842657, 6.223750047021522, 6.215821911748557, 6.214279075644818, 6.211420519942099, 6.209753597226381, 6.206109640093052, 6.20315065851653, 6.202098353961063, 6.200731601894174, 6.200240233154446, 6.245951779685323, 6.27053842751297, 6.650638823512979, 7.060671297562361, 7.4836591235716154, 7.948268401625857, 8.468878624327115, 9.021034843118102, 9.641598690239071, 10.297181602414993, 11.02280983356775, 11.81828124596466, 12.647665916345902, 13.542974774906881, 14.471664842359996, 15.464078990604074, 16.519823773627294, 17.606052638340216, 18.75274570769929, 19.93059216753312, 21.170510328062527, 22.472761328584873, 23.805905742468674, 25.20092930625202, 26.62761008290279, 28.117131471376293, 29.670413622881654, 31.256098648784356, 32.906040483720126, 34.58792246913104, 36.33574253603391, 38.14890351826541, 39.99486550250551, 41.90671789663512, 43.85085992900302, 45.86145268524941
inf, 6.477810054127967, 6.47765960168117, 6.477043132585102, 6.476935744283812, 6.472349445215016, 6.4640796303433525, 6.462527067878517, 6.459464157155823, 6.457710386772086, 6.453813793511399, 6.450442414122844, 6.449255789290462, 6.447674700662387, 6.447078957473283, 6.537112558619874, 6.602448160943989, 6.638742018249724, 7.019722147024878, 7.406450012000445, 7.818544899640479, 8.271506016137264, 8.749496244620317, 9.286463426926026, 9.855020204756462, 10.488692551943247, 11.188898351302784, 11.921783089393513, 12.718730119839126, 13.548336276607774, 14.440426335027794, 15.394934087040818, 16.379537915516288, 17.42389303454552, 18.49912391670533, 19.635864870935873, 20.83448713148709, 22.063812354946382, 23.354657398430973, 24.67701985029378, 26.06195453436078, 27.51043628411385, 28.991211586650383, 30.53605070882613, 32.11276935603063, 33.75532914611552, 35.4631249685408, 37.203705934493016, 39.01012027851994, 40.84880303875113, 42.753898858215734
inf, 6.719267954148405, 6.719093697584603, 6.718260741929603, 6.7181534723659295, 6.713309058877481, 6.7049538075745305, 6.70347713989378, 6.7003448785010935, 6.698581622144553, 6.694628540229953, 6.690959851818089, 6.689697516833028, 6.688012535711394, 6.687359341045474, 6.7932968458193805, 6.900176600225097, 6.97497588732892, 7.015214793616403, 7.393861922005038, 7.789688424365824, 8.218099920602283, 8.66755485988921, 9.169333844129426, 9.700026568667177, 10.291795041494446, 10.947296676912417, 11.634416072685188, 12.383983603504392, 13.165571067696751, 14.008553612619338, 14.913138907376998, 15.847471741990791, 16.840926136743445, 17.864996587562857, 18.950075049197213, 20.096623040197624, 21.273694015169372, 22.511949969946357, 23.781588192474892, 25.11353591683305, 26.508806370606457, 27.936253165299426, 29.427556994942226, 30.950662748059347, 32.53946853882546, 34.193357367468586, 35.879968317213965, 37.63227637038134, 39.416792742695776, 41.26759976757448
inf, 6.981205138219485, 6.981091041946152, 6.980255580262066, 6.980246678328104, 6.975579607963268, 6.96778978582382, 6.966592602443435, 6.963715847959338, 6.962137933139041, 6.958601158671089, 6.954936473552994, 6.953741970106343, 6.952227030512205, 6.951636170416533, 7.077231864858194, 7.193404961259703, 7.304004568093522, 7.361962134651696, 7.396344453649284, 7.7749589361460165, 8.172029022191317, 8.58196263181579, 9.029223761211718, 9.498703001000818, 10.018162627310899, 10.59307026779451, 11.1963892757045, 11.857239262241778, 12.548136925975358, 13.297128492311256, 14.105240091419796, 14.94204870295381, 15.836111559909455, 16.760013060786235, 17.743459746759513, 18.787177919219292, 19.860896703579836, 20.994836938915682, 22.159763539804857, 23.386239826797457, 24.67538578302319, 25.996373457094318, 27.380627121911374, 28.79645300306766, 30.27755815200174, 31.823305255963902, 33.401587175339635, 35.0451708221762, 36.7207880538658, 38.46234161514174
inf, 7.275396179072953, 7.275308788498601, 7.274492798114344, 7.274571588677331, 7.27025625196804, 7.263308878741521, 7.262463501377915, 7.259950401468926, 7.258645500678166, 7.255727330966419, 7.252194333055403, 7.251127776772945, 7.249901858819439, 7.24943585013473, 7.381893797009855, 7.5140440849230234, 7.630067308472774, 7.707885298256717, 7.753119954379449, 7.773215762980999, 8.154046381609923, 8.542381209413776, 8.958590255152112, 9.39277748293194, 9.869360186443803, 10.395106374104069, 10.946753150958044, 11.55203064427182, 12.185779500219002, 12.875047397976122, 13.621539319898462, 14.395953127040803, 15.226261677253463, 16.085864572831344, 17.00400523210685, 17.981620202326177, 18.988898354565677, 20.055812675132813, 21.15347506556215, 22.312250972678715, 23.53334941967162, 24.78612864420011, 26.1018785600017, 27.449092711849804, 28.8614077786489, 30.338197855518494, 31.847485783213394, 33.421961407566585, 35.02842752080575, 36.70074619501775
inf, 7.579271855171393, 7.579191578194984, 7.578381260667218, 7.578458390409498, 7.574607640319908, 7.568553045446028, 7.56806860571758, 7.565946421809839, 7.564932094579593, 7.5626791491069065, 7.559315395218226, 7.558390998744594, 7.557485805874419, 7.557160054166855, 7.6918488593697765, 7.829923483009491, 7.960844345739867, 8.040014267429472, 8.103254021860302, 8.13030447398084, 8.150962490947279, 8.534668013857317, 8.943490415691508, 9.369028633585431, 9.834663093410695, 10.347434666222323, 10.885259504995036, 11.475334857625395, 12.09330054955392, 12.765805422680163, 13.494800351622118, 14.251413969950269, 15.063401933228073, 15.904462749525987, 16.80365764281918, 17.76200421843995, 18.749876250336722, 19.797143434935194, 20.875061882893185, 22.013914897586748, 23.21494928959349, 24.44759276510216, 25.743077959755848, 27.069979179397247, 28.46189181700888, 29.918192530385916, 31.406953583449134, 32.96082988053257, 34.546662439641885, 36.198276702916964
inf, 7.922543649291741, 7.922444990040121, 7.921607242305951, 7.921665164561296, 7.9183345894540675, 7.913268497018656, 7.913158609283262, 7.911471396893171, 7.910774805727392, 7.909262765143067, 7.906140412777262, 7.905386469993252, 7.9048548172935975, 7.904693360781794, 8.044610037920503, 8.181515655510186, 8.31531223551355, 8.39808667288949, 8.457206443460942, 8.489450003316321, 8.505145301728234, 8.52647389356825, 8.917766194411257, 9.321626449252493, 9.758152774505199, 10.23536317942058, 10.734849875763022, 11.281969625336647, 11.855003732208674, 12.479273187667172, 13.157520745193127, 13.862351801817518, 14.62079402028266, 15.407584859070923, 16.25122415390192, 17.15300063749582, 18.08387390405037, 19.073384971871672, 20.093237801598498, 21.17345739668054, 22.315389823903697, 23.488705078775396, 24.724467590543007, 25.991491594084053, 27.323252789641067, 28.719136924016738, 30.147373641162797, 31.640511420944208, 33.16551139129909, 34.75611668008415
inf, 8.312831831023734, 8.31268944667085, 8.311782350140918, 8.311821380158651, 8.309015811698352, 8.304985517101716, 8.305251245521738, 8.304017162244904, 8.303647173918737, 8.30290784533116, 8.300069067706305, 8.299499412907057, 8.299370014530925, 8.299382576931807, 8.442160833804907, 8.581693797029681, 8.711890143544013, 8.788403788735579, 8.84638772392431, 8.86222125782705, 8.870244888144521, 8.880805956392583, 8.907910038873712, 9.297647040439498, 9.712546594824724, 10.161585346295745, 10.62999844945518, 11.141022884905388, 11.675705553397073, 12.257729296465996, 12.890615393010536, 13.548775186447084, 14.258293072203285, 14.995218285521842, 15.787325598822632, 16.636244473749027, 17.513698171285373, 18.44879679517138, 19.41382686606246, 20.43847277121948, 21.524209066739807, 22.641027623318877, 23.819767813890774, 25.029559747146667, 26.30371014739954, 27.6416198416509, 29.011729531789083, 30.446438026561182, 31.912875054528158, 33.44465785671721
inf, 8.730381207540965, 8.73018082843187, 8.729176991156622, 8.729205770785933, 8.726904655800277, 8.723919910716075, 8.724292928195686, 8.723780532450595, 8.723736848667173, 8.723776646530693, 8.721237902999869, 8.720858279003622, 8.721139503611356, 8.721316036095574, 8.865768566171152, 9.00694421027465, 9.138681974807819, 9.207435667615288, 9.256953132966682, 9.265473807209435, 9.249684482901724, 9.248911371353463, 9.258711276663352, 9.291349212235662, 9.695217112524949, 10.12924119838836, 10.580901218259076, 11.072186129659142, 11.585783267751141, 12.144397688663448, 12.75198733809118, 13.384056710749125, 14.066119537723843, 14.775018996576176, 15.538103096711648, 16.35721517735893, 17.204533901185528, 18.108929103402005, 19.043021544860725, 20.036309182046924, 21.090344794463793, 22.175301588420332, 23.32190085423218, 24.499441220168315, 25.741142280714158, 27.0464220251352, 28.383830784688612, 29.78569494589622, 31.21922781003791, 32.71799031416988
inf, 9.204915629292696, 9.20463221794012, 9.20348789478438, 9.203500209826467, 9.201689212942142, 9.199759282270687, 9.20012591475834, 9.200443250630546, 9.20072320927232, 9.201505707339185, 9.199328376658013, 9.199145446579331, 9.199567126392985, 9.200026775375113, 9.346505446871356, 9.48756591295822, 9.619296061593182, 9.683388097564693, 9.721774973505436, 9.711897330535171, 9.659942462392271, 9.643304022637714, 9.629003806785105, 9.638492055681228, 9.681744671856936, 10.0942736298625, 10.520939740212016, 10.981146438283183, 11.460863871206328, 11.980654257001868, 12.545214074267003, 13.132432327418062, 13.766443099005105, 14.425922553854356, 15.13717297773275, 15.902522533128609, 16.695264265213318, 17.543664695264564, 18.421172689349792, 19.356815571250248, 20.35233748255597, 21.378372427707394, 22.465338159400382, 23.582958634562004, 24.76422595496606, 26.008598028192043, 27.284905734779226, 28.625283071807612, 29.99716246110898, 31.433948138524777
inf, 9.737705347601329, 9.737314549318173, 9.735988670020783, 9.735985628304476, 9.734636955315562, 9.73376164290067, 9.734120711935299, 9.734942181405845, 9.735578970682623, 9.73664132510211, 9.7355877333852, 9.735608498415788, 9.736037842953483, 9.73663988373526, 9.885351758967198, 10.026792227124881, 10.157020850962983, 10.21614307952874, 10.247259074800581, 10.208348637746127, 10.100317511308045, 10.061087636318659, 10.017962041001326, 10.010721954181733, 10.018840759055227, 10.07465008274447, 10.47762882431956, 10.90720483692281, 11.353124884480867, 11.833570420397495, 12.354002420924521, 12.895004951813085, 13.479100507876993, 14.087064454044546, 14.743989644666184, 15.452778903490259, 16.188027654009094, 16.977342567933203, 17.795109965009154, 18.669863019099882, 19.603581922365827, 20.56739853985483, 21.591434216450224, 22.64584355870056, 23.763407451339273, 24.943644795786838, 26.155651978215765, 27.43140499723773, 28.738526311252222, 30.110305708561985
inf, 10.299427558370885, 10.298916355796358, 10.297389132913153, 10.29737536120721, 10.296467552698592, 10.296644153445474, 10.296999692652333, 10.29780942191052, 10.298947846781704, 10.300364373117896, 10.300720138167001, 10.30092662001363, 10.301378031101201, 10.301988387477026, 10.451490473381943, 10.594573001375641, 10.724686164827938, 10.78045059822022, 10.805644389241404, 10.727420766165753, 10.558794095412111, 10.494161083584187, 10.415631647287904, 10.397695730052453, 10.389927080052397, 10.405377944312866, 10.469072634119987, 10.886396071370612, 11.318389543128232, 11.781984722027616, 12.283008064837958, 12.803472617856078, 13.364997567299543, 13.949497087258958, 14.581371316139597, 15.263828464518848, 15.972209119849751, 16.733740880739756, 17.523346735597276, 18.369280518160192, 19.273662673144106, 20.20791197949622, 21.201984294015233, 22.22627412073646, 23.313448761566367, 24.463068159565534, 25.644374466649438, 26.88926480657343, 28.165455982113695, 29.506184827020334
inf, 10.92037568985506, 10.919727598075994, 10.917972332715586, 10.917937934849924, 10.917463314257555, 10.91851169630263, 10.919037258898127, 10.919841457631684, 10.920964126822723, 10.922879511021293, 10.924655940897175, 10.925222270734597, 10.925864147486106, 10.926497029106587, 11.077015894646813, 11.219749712928227, 11.350571891731796, 11.403248058322554, 11.42360607864537, 11.295488041750403, 11.058953352429832, 10.96419084703864, 10.838566107851875, 10.80332990305248, 10.774471991892861, 10.770204257137685, 10.788662037230532, 10.867156604639547, 11.276299886812508, 11.710815519309081, 12.177288003597937, 12.660773831297716, 13.180903162692701, 13.722016456423736, 14.306927345894973, 14.939453109668502, 15.59663913921726, 16.30479006737576, 17.040100059074188, 17.8301394047779, 18.67735600279366, 19.553867541664935, 20.489224046133515, 21.45440865879343, 22.481795778697276, 23.571036602290445, 24.691729840410208, 25.875560848587227, 27.090505352343634, 28.36964047622359
inf, 11.572896203254821, 11.572101994337507, 11.570105093680173, 11.570044659892313, 11.569999356852033, 11.571044197292109, 11.572437927581442, 11.573410211831295, 11.574525353550522, 11.57642255688534, 11.57870119134882, 11.580688749159677, 11.581692278078378, 11.582515461983396, 11.733193946944386, 11.876681510013196, 12.006851614561349, 12.059248262368556, 12.076004836846206, 11.891539948587257, 11.584410209243897, 11.457682103471013, 11.280118960178402, 11.224648583913634, 11.168174993254878, 11.153273684112248, 11.153510132749595, 11.182201435753594, 11.269766067123832, 11.694367299960838, 12.147949923313984, 12.617217103936376, 13.12067009272811, 13.643969398547314, 14.20897779999075, 14.819799700691458, 15.45449413209092, 16.13875367464291, 16.849569042125793, 17.614041359239412, 18.434815979377536, 19.2844848335203, 20.192300485113968, 21.129660522308626, 22.128715555481595, 23.189177283875633, 24.280905667928728, 25.43541416936505, 26.620880162448596, 27.87023490115933
inf, 12.28733770384193, 12.286380110250438, 12.284115484060363, 12.284019365693721, 12.28439253297426, 12.285430251192127, 12.286814071642887, 12.288649685204897, 12.289928356747087, 12.291812536964782, 12.294080061054025, 12.29657205188087, 12.298999110529524, 12.300183613816184, 12.451506877034756, 12.59453178944515, 12.72487492080407, 12.774742050037606, 12.790333911087183, 12.543196568418308, 12.161106949437023, 11.999440709676662, 11.761938540226271, 11.681240255290176, 11.585419798935938, 11.546959146509083, 11.541072515303263, 11.54103600839374, 11.574220699534932, 11.676163107408552, 12.104993682246684, 12.546628550676456, 13.01716247142066, 13.505091677029716, 14.030240653066038, 14.597303260760022, 15.186525509524932, 15.822259336702796, 16.483224120987074, 17.19550742287459, 17.96220657647456, 18.756950876185147, 19.608376450766716, 20.488755956470015, 21.429787757042806, 22.431338778263726, 23.46379845747014, 24.558365393414142, 25.683602691921394, 26.87218859042075
inf, 13.061346253522457, 13.060212084050805, 13.057659860019713, 13.057520124099428, 13.057929512372063, 13.059333135039342, 13.060704308677652, 13.062525316401796, 13.064663900826712, 13.066706789990198, 13.06896677920591, 13.071449935055545, 13.074382438218288, 13.076990672649355, 13.229039600994106, 13.372120807783082, 13.501513304746268, 13.550099923186975, 13.56251479955717, 13.249607806658162, 12.78952813284588, 12.590857317930496, 12.287655126689902, 12.177951367242654, 12.033464427848884, 11.96010020525045, 11.942343680248356, 11.930714069310177, 11.930056997999964, 11.969055672734656, 12.086245815362581, 12.506031639645565, 12.9490636629334, 13.40688034247285, 13.897149291703885, 14.425145226854871, 14.973440955622282, 15.564892179684183, 16.180088795391068, 16.843965594767916, 17.560107226139515, 18.303336147109917, 19.10158838078207, 19.928122987371577, 20.814136753215426, 21.759691211951207, 22.735762576021756, 23.77321241063765, 24.841022535557464, 25.971614830088633
inf, 13.86470494063765, 13.863387404898903, 13.860537637730484, 13.860350627796581, 13.860754198482416, 13.862190684093957, 13.863925445547022, 13.865730734414726, 13.867852695383345, 13.870752462530803, 13.873173303522254, 13.875650061959359, 13.878573663784907, 13.881687202527516, 14.035300303341925, 14.178841361344324, 14.308083634550966, 14.355056506092557, 14.365915180590157, 13.983239394967104, 13.443935036189867, 13.207440610384033, 12.836282336754849, 12.696062601815928, 12.499037521574417, 12.38579292115367, 12.353380389671315, 12.324411479502203, 12.320293166376924, 12.321305654384043, 12.371535533920676, 12.496726788416469, 12.927392769470098, 13.37143922115353, 13.845391864894733, 14.354838978666612, 14.883592523369376, 15.45369523842329, 16.046732427396595, 16.687005519725403, 17.378360501880746, 18.096278913505877, 18.868313415062286, 19.66826338512285, 20.5270543774705, 21.44486830736832, 22.392997545147196, 23.402136222300452, 24.441480862892078, 25.5433316719364
inf, 14.728696093722036, 14.72718552835738, 14.724024210336141, 14.72378456023745, 14.72417969005497, 14.725604944277407, 14.727369074623232, 14.729534305744115, 14.731637758747615, 14.734517676368919, 14.737801309906244, 14.74044199739189, 14.743359553077964, 14.746464865481807, 14.900944214551703, 15.045498042259045, 15.174795752293923, 15.220410615239079, 15.229171651703636, 14.773760829012268, 14.153183877445013, 13.877539145128496, 13.434819246544341, 13.261657549035196, 13.00567780646561, 12.843856133766268, 12.791721124332375, 12.734226528987223, 12.720725429555774, 12.71084018107426, 12.71354004742354, 12.767707930242603, 12.90581090339672, 13.324969570664182, 13.768107913509006, 14.241605964355191, 14.732135984411228, 15.259888500699478, 15.808708080852877, 16.401423933374417, 17.042453865581166, 17.70882237340425, 18.427173599344535, 19.172572674959802, 19.975303924078364, 20.8358500247638, 21.726242762821585, 22.676784542079446, 23.65717781657603, 24.69944512002642
inf, 15.649729130006119, 15.648016672098372, 15.644529990352686, 15.644232910823487, 15.644620982663138, 15.646032037377076, 15.64778099298827, 15.649971555354599, 15.652431722235065, 15.655287909656494, 15.658554240366652, 15.662058761873746, 15.66514024108172, 15.668238731570119, 15.822791146655632, 15.967855433367275, 16.09787465778487, 16.142744945564523, 16.149835942522337, 15.618690878471508, 14.915513347578415, 14.59986193240362, 14.083263087249774, 13.875584497946585, 13.55635333584503, 13.339711819397147, 13.264013984526835, 13.169021797315278, 13.141044233543843, 13.111062729423757, 13.103063487826638, 13.105479867600797, 13.164992386058945, 13.309750922241522, 13.731597302700303, 14.178591380477071, 14.64030972404496, 15.13502661917811, 15.648865974550677, 16.20307458545029, 16.802571352386746, 17.426037248999478, 18.0990534103327, 18.79810038442489, 19.552672673456076, 20.363582210738837, 21.20374079967073, 22.10295453097359, 23.031555144569182, 24.02118466835893
inf, 16.60048969449111, 16.59857092226283, 16.59475199381493, 16.594395039788456, 16.594779976281036, 16.596180798234794, 16.597913608759036, 16.60008765026576, 16.60257175290636, 16.605782875333325, 16.609027199028276, 16.612515069548984, 16.616460746768073, 16.619723076856715, 16.774306408274374, 16.919326097987415, 17.049729845347454, 17.09496318213621, 17.101165630935462, 16.492212566082046, 15.705855935154537, 15.349833012224021, 14.758398617671148, 14.515568740275787, 14.13138507624899, 13.857411509500546, 13.75655612123, 13.620191085351635, 13.575438433539448, 13.520476046931696, 13.499428985622389, 13.496820482988298, 13.50027883572795, 13.56445771841046, 13.72356149771174, 14.15944330019318, 14.608680051651731, 15.088400742452503, 15.586076033262394, 16.121988471182657, 16.70133348802552, 17.303798751238528, 17.954288770712466, 18.63016352592255, 19.36040355228809, 20.14602783613521, 20.960508353746402, 21.833324984053995, 22.73522159814765, 23.697581705685902
inf, 17.613281033495937, 17.611149662590375, 17.606989512752758, 17.60656960983161, 17.606948282609952, 17.608342269853672, 17.610062778381177, 17.612218256307553, 17.614683679526127, 17.617916561244957, 17.621520577541453, 17.624989075920332, 17.628918183774715, 17.633045237389915, 17.787899147127078, 17.932544105745436, 18.06262141447166, 18.107390234017565, 18.113650942722188, 17.425122814850866, 16.554406621988658, 16.157298479535385, 15.489236482485852, 15.210119460360845, 14.758052290661357, 14.422509952201905, 14.29378750932417, 14.109230865547698, 14.043465967177317, 13.954057618550477, 13.909381214192928, 13.898980933973634, 13.889968529750886, 13.893304094029036, 13.963147348034592, 14.136885862053328, 14.560295137158247, 15.008287093461972, 15.471512182025235, 15.968059486800913, 16.503784558739923, 17.0607089129815, 17.66220086284791, 18.287610713640404, 18.96475992874419, 19.695201787563967, 20.45366937129252, 21.268968456332367, 22.112727031599704, 23.015854381246317
inf, 18.69452529718404, 18.692182402601652, 18.68768049758229, 18.687197980534968, 18.687578525911082, 18.688964633275585, 18.690676519662208, 18.692824061408675, 18.695270138751273, 18.698487364795607, 18.702124051729935, 18.705956234310126, 18.70986910651567, 18.71398114925387, 18.869998428708836, 19.014203259523086, 19.14344515467486, 19.186880613711736, 19.1923326892658, 18.423351692693114, 17.4670583408395, 17.02815266888877, 16.2816855788381, 15.965195794617387, 15.442602580089666, 15.04190141958128, 14.883083597783118, 14.644740899577384, 14.554370783216351, 14.42212357740422, 14.343648553403595, 14.320118391252112, 14.291073028396058, 14.285306276747702, 14.283566397888285, 14.358370141713563, 14.537836295656664, 14.955399068213872, 15.384466444154933, 15.840074646604872, 16.328898185427825, 16.83620623127825, 17.38317223416665, 17.95194112137838, 18.568604633805148, 19.235474078840817, 19.929106446900168, 20.6773142145046, 21.45305601376685, 22.28655773082301
inf, 19.808036538444615, 19.805480808132575, 19.80063496472884, 19.800088792550405, 19.80046881607834, 19.801854979968795, 19.80355767064739, 19.805696948382, 19.808134619583292, 19.811332697796466, 19.81495686587177, 19.818822916463194, 19.823100297701146, 19.827196665694114, 19.98322524584848, 20.128358259380427, 20.257000518742327, 20.299250856674522, 20.30324881522803, 19.4526850868883, 18.41039311856149, 17.929443092007226, 17.103957814303214, 16.749721253432195, 16.155689319999237, 15.688583749668895, 15.498898861572625, 15.204795659044319, 15.088525578076684, 14.910272956894495, 14.793880942037033, 14.754935563228083, 14.700896258415156, 14.686716806162298, 14.674664420438948, 14.674817744181599, 14.753182980290948, 14.945332738598879, 15.362493604852244, 15.802847515539273, 16.27342703189755, 16.76112278543772, 17.285979517411224, 17.83153941961618, 18.42295813937621, 19.06290350105778, 19.728910706667314, 20.448207470824496, 21.19448973180936, 21.997558145883684
inf, 20.983585698698484, 20.98081738176787, 20.975625829580803, 20.975016263625403, 20.975397084501694, 20.97678080524265, 20.97848182132624, 20.980614184464354, 20.983042303269077, 20.98623240043524, 20.989844120021964, 20.99370005300513, 20.998013155997004, 21.002474376384086, 21.158547770998698, 21.303218772573057, 21.4324743233561, 21.473492291233605, 21.476106917736907, 20.541963295111017, 19.412962522750764, 18.889556624308668, 17.98402633400951, 17.59141773538274, 16.924444143458818, 16.388927688169712, 16.167147295313576, 15.814208612315197, 15.670024925622098, 15.440841287357475, 15.279907386117817, 15.221723730746234, 15.134113718406528, 15.106768917905836, 15.074598979470988, 15.065211511191437, 15.06449345548155, 15.147380785913505, 15.34532391049323, 15.761406818228503, 16.201261759293633, 16.655249518957962, 17.140966942656938, 17.64497726013229, 18.19036634096108, 18.78054106022103, 19.39518258089157, 20.060149052089493, 20.750795581939578, 21.49582243406047
inf, 22.191564196359415, 22.188584836494528, 22.183048532414485, 22.182376512076182, 22.182759036980897, 22.18414325459791, 22.185841260075595, 22.18797414242524, 22.190394943738337, 22.193576571432047, 22.19718460716799, 22.20102960313478, 22.205333896666676, 22.2098311769236, 22.366295434311404, 22.510730022422177, 22.639344937154696, 22.680647085691145, 22.681931885349176, 21.662558913649953, 20.446507781567604, 19.880451452725488, 18.894388524393563, 18.463115117535406, 17.72251290808344, 17.117694899292484, 16.8632853220232, 16.45020355278388, 16.27725709431252, 15.995084186952978, 15.786774361710556, 15.707653185425515, 15.58247840224125, 15.539643434886319, 15.482354897719603, 15.45840770485117, 15.4543270689809, 15.454194774139529, 15.540649081461476, 15.75058474975319, 16.17584987765998, 16.613495918992065, 17.07969170283075, 17.562766170601623, 18.084608732559182, 18.64907023016741, 19.237073767591358, 19.873674109630645, 20.535177637763013, 21.24957528025773
inf, 23.46419264004816, 23.46100379830258, 23.45512377513772, 23.454389962018528, 23.454775197131376, 23.45615954358781, 23.457856437345747, 23.4599898343516, 23.462410605166674, 23.46558708080069, 23.46919484895019, 23.473039041900613, 23.477334874304713, 23.481824473844252, 23.638247293779266, 23.78252398376943, 23.910556887065084, 23.950582897871048, 23.9519620959664, 22.84552337130312, 21.541781300862482, 20.932713868836043, 19.865224195339675, 19.394758517930857, 18.5793103914028, 17.9036461193209, 17.615703266966243, 17.140294452918475, 16.93718865805218, 16.598700724645404, 16.33845619454679, 16.235629497661005, 16.06616518675817, 16.003744282568412, 15.91221650967479, 15.863786612248449, 15.851391447295939, 15.841672250498531, 15.840642505808292, 15.93054398958094, 16.152445043813326, 16.56288728994055, 16.99485729929845, 17.440516854835085, 17.919070930276018, 18.435403227578966, 18.973230913227958, 19.555885742635795, 20.161729141787568, 20.817059740041127
inf, 24.800623218728326, 24.797226285983278, 24.791003710711678, 24.790209268672534, 24.79059664954947, 24.791982992793653, 24.79367908674626, 24.795814380839754, 24.798234878969698, 24.80141281820697, 24.805022263690944, 24.808868547405382, 24.81316558690484, 24.817647338892034, 24.973874130954975, 25.11768049463401, 25.24528299255411, 25.284219481267016, 25.284182796105057, 24.09038275275165, 22.698459966809445, 22.046108992445056, 20.89651832626687, 20.386463973625485, 19.495262775327376, 18.747611938462395, 18.42547587636048, 17.886166063586966, 17.65189705492074, 17.25474264103097, 16.939347413121894, 16.810849773431535, 16.59219360397539, 16.507009090751186, 16.3737240003415, 16.291919428742737, 16.26650344727738, 16.237785504388103, 16.231019807020147, 16.22562559566706, 16.31905984632199, 16.54548938230226, 16.95242959783426, 17.369473236697587, 17.81272639610012, 18.28821230327995, 18.782868137041653, 19.318278103740017, 19.875129343499328, 20.478067557824257
inf, 26.168422371676638, 26.164818616936326, 26.158254424254523, 26.157400290578355, 26.157789326720266, 26.159177450236506, 26.160874981867337, 26.163011402434325, 26.165433309391886, 26.16861172293529, 26.172226362445702, 26.1760755443587, 26.18037586237849, 26.184858999851638, 26.340965007740287, 26.48434060865065, 26.61132463500723, 26.649588195396817, 26.648364729546113, 25.36565464784512, 23.885336183706308, 23.18958280243261, 21.957590638612103, 21.4077698238204, 20.440411948554868, 19.620273447840486, 19.26365616661806, 18.659772338191576, 18.393914238386664, 17.937121937777192, 17.56527245722418, 17.410318726293834, 17.140535612955894, 17.03130154773801, 16.85314842202458, 16.73410849439459, 16.693566682799307, 16.64151375147709, 16.626783064801966, 16.611719071052725, 16.611060685681696, 16.706961619556033, 16.94328817424422, 17.349219828406095, 17.77757080823565, 18.23489213785662, 18.70997675980543, 19.223435247470196, 19.757367337314342, 20.335650095219062
inf, 27.598979899048423, 27.595171020874997, 27.588266577691883, 27.5873538839432, 27.58774560379907, 27.589134263231713, 27.590832393753168, 27.59297326785273, 27.595395621274715, 27.598576822884116, 27.60219821032856, 27.606054679786954, 27.610359897041754, 27.614846863630223, 27.770689648014283, 27.913551902311045, 28.039855140998284, 28.077100296894557, 28.07391757406412, 26.70202380454736, 25.132962668719834, 24.393615416684316, 23.078735711273254, 22.4888623564772, 21.444700584757012, 20.551272005945513, 20.159716244633742, 19.490184398231232, 19.192060774925263, 18.674094610471023, 18.243746431078034, 18.06111678622723, 17.73720997556436, 17.601895020960292, 17.373769001251098, 17.210653263191, 17.15102509607166, 17.067093414034236, 17.03988637330457, 17.00638723468141, 16.996571894338828, 16.994922026090943, 17.09282380003667, 17.33333641493021, 17.73796490030935, 18.16445271517224, 18.60549967662811, 19.079415774745286, 19.571604219648815, 20.104389185131925
inf, 29.093654473316278, 29.089644458512907, 29.082404604096507, 29.08143589091631, 29.081832403437108, 29.083224345944675, 29.08492285056081, 29.08706861516533, 29.089495383432194, 29.092679641117073, 29.096310078620572, 29.100175312168375, 29.104489981510703, 29.108982513700866, 29.264533778555116, 29.406781482048057, 29.5323489924915, 29.568603282206745, 29.562374767393067, 28.10110431441126, 26.443054365911205, 25.659978072847238, 24.26184800364715, 23.63170774444024, 22.51026336104075, 21.542958677368578, 21.116131358943285, 20.38017564937891, 20.04929555371744, 19.469059702738313, 18.978760754644547, 18.767598608957634, 18.387499885773533, 18.224684869458958, 17.942990148342382, 17.730648877724416, 17.648722909312767, 17.525390197114724, 17.48146010910106, 17.420807855090427, 17.39302234496714, 17.385413388767144, 17.379261442311112, 17.477273904750913, 17.724005233023924, 18.128378349252866, 18.543320514016276, 18.983858731024647, 19.439664201051418, 19.93091218350897
inf, 30.623257345438383, 30.619049886567474, 30.611479580487313, 30.610457153022367, 30.61085745720505, 30.6122556576833, 30.61395804155278, 30.616107214990773, 30.618539272709008, 30.621730185982738, 30.625367307432818, 30.629242879102595, 30.633567531378613, 30.63807005005476, 30.79343627210121, 30.935199099898018, 31.060038569788492, 31.09541483135605, 31.085124515692684, 29.534397998772132, 27.787259642145848, 26.960400181098567, 25.478862885097456, 24.808363674430453, 23.609435600302305, 22.56801486036474, 22.105779949765942, 21.303087014489282, 20.93924921298569, 20.296304330288443, 19.74546796183752, 19.50543004208882, 19.068323517998166, 18.877444200944353, 18.540770615803794, 18.277124373260126, 18.171543364662682, 18.005401657798572, 17.942688473687774, 17.850403694601088, 17.799848437803604, 17.783867620028914, 17.766988838143323, 17.76483704856785, 17.8644055499073, 18.12015618266729, 18.524456830840546, 18.949670000313205, 19.38811910981819, 19.85841146675442
inf, 32.21835803230778, 32.213958609768845, 32.20606464018026, 32.20499208120858, 32.20539835332697, 32.20680203223749, 32.20851114753798, 32.21066908358823, 32.21310475011955, 32.21630391503617, 32.21995355329285, 32.22383769175504, 32.2281748058605, 32.23268782051432, 32.38769231328124, 32.528962036304456, 32.65312622121689, 32.6875609820204, 32.67230013379283, 31.03201655941596, 29.19565345079367, 28.324935545426506, 26.759761834293652, 26.04876464954116, 24.77204428479206, 23.656131115329117, 23.15827285329465, 22.28834522206142, 21.891229841491505, 21.18488093845568, 20.572589295104684, 20.303144292728383, 19.807793175550774, 19.58799863262859, 19.19426150899675, 18.87627428525285, 18.745047805350524, 18.53094925745708, 18.446211674780262, 18.314945295770993, 18.23342888924903, 18.204853400366105, 18.169184386411715, 18.160933435079574, 18.15437981478609, 18.254747711168203, 18.514192258411754, 18.91982361434288, 19.3342606000575, 19.77191137132706
inf, 33.875316326838984, 33.870729718582716, 33.86251777623313, 33.861398205972755, 33.86180975210097, 33.863220603012536, 33.86493539213521, 33.86710423073453, 33.86954869194863, 33.8727536827908, 33.87641653773929, 33.88031472238686, 33.88466223586623, 33.88918799574443, 34.04384736185212, 34.184477523259076, 34.30797841741483, 34.34157407988427, 34.32038614886441, 32.59048912939484, 30.664815831282347, 29.750191555014027, 28.101218686870556, 27.34962145404381, 25.994879773405454, 24.804190793978883, 24.270545052445346, 23.33300353810269, 22.90236632072273, 22.13208801793967, 21.45765418121908, 21.158409424918133, 20.603920488633307, 20.354597720624252, 19.90232883538453, 19.527889693525672, 19.36963173043677, 19.10388846545472, 18.994680310690413, 18.818475285383567, 18.698878760743366, 18.65393284566425, 18.59213018876762, 18.57422491418921, 18.55396793591695, 18.547840959564635, 18.64819901754232, 18.911135738591415, 19.31271278487007, 19.728252867898796
inf, 35.561240993656895, 35.55646867872275, 35.54793987001154, 35.54677400793645, 35.54718773747759, 35.548603245247755, 35.55032462229369, 35.55250089506503, 35.55495617334725, 35.55817073628356, 35.56184156035132, 35.56575353585344, 35.570116080588086, 35.57465238344727, 35.72919954847989, 35.86938204058037, 35.992164333740135, 36.025046168596674, 35.99708714935535, 34.17757073851366, 32.16256661788704, 31.204022380278126, 29.47119331157039, 28.678956942965165, 27.24610309838245, 25.98052010102201, 25.411017082645902, 24.405695931936048, 23.941432511367502, 23.106994840301613, 22.370126258753324, 22.040916996800995, 21.426918114570494, 21.14781564532346, 20.636414754638828, 20.20468002577464, 20.01884081506056, 19.700003179286462, 19.565352454892086, 19.341722031206785, 19.180817570022057, 19.11770527887558, 19.02620740675599, 18.9969352198414, 18.959601270170438, 18.944258084450656, 18.942689976530094, 19.043206860272242, 19.309048439645544, 19.71678728626974
inf, 37.30476128166882, 37.29980739452494, 37.290966004126076, 37.28975645135042, 37.2901748232721, 37.291593136069366, 37.293319040027114, 37.295505490681904, 37.297968111930444, 37.30119505633233, 37.30487926289614, 37.308800247016855, 37.3131781941054, 37.31772953625388, 37.47200148222252, 37.611864126114796, 37.73406429294032, 37.76614504181025, 37.7307063447464, 35.82157670372828, 33.71722642320748, 32.71475071240351, 30.897990049846648, 30.065059841340517, 28.5539653833152, 27.213319462802733, 26.607856893986018, 25.534515612405976, 25.03646904932199, 24.13753363450927, 23.337790992208355, 22.97836889492939, 22.304308786734254, 21.995046960356227, 21.42362463660089, 20.93334063772279, 20.71910369054196, 20.345000893082133, 20.183428179026816, 19.90847106822961, 19.700796313351077, 19.616287544721626, 19.488321504470594, 19.444307725263112, 19.383102427822795, 19.35231017055947, 19.34616623380195, 19.340202417244917, 19.44059303111702, 19.709016657943312
